,Block ID,Cluster ID,Expected Time,Route ID,RouteOrder,block check time,car check time,crossing time,distance,origin_flg,street crossings,ticket writing time,total tickets,travel time
0,starting by termial: LAZ GARAGE,60,0,1,0,0,0,0,0,True,0,0,0,0
1,B200401,60,3154,1,1,120,0,900,2860,False,15,0,0,2134
2,B200405,60,3626,1,2,240,114,960,2979,False,16,89,0,2223
3,B200403,60,3878,1,3,360,139,1020,3011,False,17,113,0,2246
4,starting by termial: LAZ GARAGE,60,0,2,0,0,0,0,0,True,0,0,0,0
5,B200411,60,2763,2,1,120,0,780,2497,False,13,0,0,1863
6,B200415,60,3395,2,2,240,109,840,2820,False,14,102,0,2104
7,B200414,60,3614,2,3,360,115,900,2860,False,15,105,0,2134
8,B200406,60,4063,2,4,480,149,960,3115,False,16,150,1,2324
9,starting by termial: LAZ GARAGE,60,0,3,0,0,0,0,0,True,0,0,0,0
10,B200408,60,2897,3,1,120,0,840,2596,False,14,0,0,1937
11,B200409,60,3250,3,2,240,37,900,2737,False,15,31,0,2042
12,B200407,60,3522,3,3,360,50,960,2829,False,16,42,0,2110
13,starting by termial: LAZ GARAGE,60,0,4,0,0,0,0,0,True,0,0,0,0
14,B386411,60,2607,4,1,120,0,720,2368,False,12,0,0,1767
15,B386412,60,2874,4,2,240,47,720,2465,False,12,28,0,1839
16,B386404,60,3143,4,3,360,80,780,2468,False,13,82,0,1841
17,B386403,60,3416,4,4,480,116,780,2576,False,13,119,0,1921
18,B386401,60,3661,4,5,600,122,780,2727,False,13,126,1,2033
19,B386402,60,3919,4,6,720,151,840,2731,False,14,172,1,2036
20,starting by termial: LAZ GARAGE,60,0,5,0,0,0,0,0,True,0,0,0,0
21,B260402,60,2595,5,1,120,0,720,2352,False,12,0,0,1755
22,B260401,60,2847,5,2,240,37,780,2358,False,13,31,0,1759
23,B257418,60,3108,5,3,360,90,780,2417,False,13,75,0,1803
24,B257406,60,3360,5,4,480,114,840,2461,False,14,90,0,1836
25,B260414,60,3717,5,5,600,139,900,2637,False,15,111,0,1967
26,B260415,60,4050,5,6,720,230,900,2690,False,15,194,1,2006
27,starting by termial: LAZ GARAGE,60,0,6,0,0,0,0,0,True,0,0,0,0
28,B907413,60,2574,6,1,120,0,720,2323,False,12,0,0,1734
29,B907406,60,2904,6,2,240,56,780,2384,False,13,48,0,1780
30,B907412,60,3227,6,3,360,131,840,2392,False,14,110,0,1786
31,B259411,60,3459,6,4,480,175,840,2442,False,14,141,1,1823
32,B259406,60,3670,6,5,600,191,900,2447,False,15,152,1,1827
33,B907405,60,3950,6,6,720,204,960,2535,False,16,174,1,1892
34,B386405,60,4539,6,7,840,279,1080,2803,False,18,248,2,2092
35,starting by termial: LAZ GARAGE,60,0,7,0,0,0,0,0,True,0,0,0,0
36,B356405,60,2572,7,1,120,0,720,2321,False,12,0,0,1732
37,B240402,60,3076,7,2,240,126,780,2418,False,13,126,1,1804
38,B240403,60,3294,7,3,360,143,840,2425,False,14,142,1,1809
39,B241412,60,3620,7,4,480,146,900,2615,False,15,143,1,1951
40,starting by termial: LAZ GARAGE,60,0,8,0,0,0,0,0,True,0,0,0,0
41,B261401,60,2339,8,1,120,0,660,2089,False,11,0,0,1559
42,B261409,60,2693,8,2,240,61,720,2189,False,12,38,0,1634
43,B257408,60,3052,8,3,360,110,780,2316,False,13,73,0,1729
44,B385409,60,3469,8,4,480,179,840,2460,False,14,134,1,1836
45,B200413,60,3909,8,5,600,279,840,2618,False,14,236,1,1954
46,B200412,60,4197,8,6,720,328,900,2622,False,15,292,2,1957
47,starting by termial: LAZ GARAGE,60,0,9,0,0,0,0,0,True,0,0,0,0
48,B385407,60,2278,9,1,120,0,600,2087,False,10,0,0,1558
49,B385402,60,2589,9,2,240,77,660,2097,False,11,47,0,1565
50,B260413,60,3018,9,3,360,171,720,2211,False,12,117,0,1650
51,B385403,60,3270,9,4,480,198,720,2309,False,12,149,1,1723
52,B385408,60,3593,9,5,600,265,780,2323,False,13,215,1,1733
53,B257407,60,3929,9,6,720,314,840,2413,False,14,255,2,1800
54,B257405,60,4204,9,7,840,358,900,2418,False,15,302,2,1804
55,B385404,60,4436,9,8,960,395,900,2494,False,15,321,2,1860
56,starting by termial: LAZ GARAGE,60,0,10,0,0,0,0,0,True,0,0,0,0
57,B237408,60,2329,10,1,120,0,660,2076,False,11,0,0,1549
58,B237409,60,2546,10,2,240,13,720,2106,False,12,2,0,1571
59,B815912,60,2856,10,3,360,23,780,2254,False,13,12,0,1681
60,B241405,60,3145,10,4,480,80,840,2259,False,14,61,0,1684
61,B241407,60,3379,10,5,600,97,900,2284,False,15,80,0,1702
62,B241404,60,3655,10,6,720,126,960,2338,False,16,107,0,1742
63,B241402,60,3940,10,7,840,174,1020,2360,False,17,147,1,1759
64,B241413,60,4249,10,8,960,208,1080,2457,False,18,170,1,1831
65,B241401,60,4613,10,9,1080,254,1080,2668,False,18,211,1,1988
66,starting by termial: LAZ GARAGE,60,0,11,0,0,0,0,0,True,0,0,0,0
67,B386408,60,2261,11,1,120,0,600,2065,False,10,0,0,1541
68,B386407,60,2568,11,2,240,82,660,2077,False,11,36,0,1550
69,B386406,60,3063,11,3,360,205,720,2241,False,12,106,0,1672
70,B386410,60,3353,11,4,480,267,780,2249,False,13,148,1,1678
71,B262403,60,3664,11,5,600,312,840,2329,False,14,175,1,1737
72,B907407,60,4056,11,6,720,383,900,2418,False,15,250,2,1803
73,B263413,60,4459,11,7,840,482,960,2520,False,16,298,2,1879
74,starting by termial: LAZ GARAGE,60,0,12,0,0,0,0,0,True,0,0,0,0
75,B240409,60,2317,12,1,120,0,660,2060,False,11,0,0,1537
76,B240414,60,2644,12,2,240,81,720,2066,False,12,62,0,1541
77,B240415,60,3088,12,3,360,227,720,2143,False,12,182,1,1599
78,B240404,60,3321,12,4,480,256,780,2150,False,13,201,1,1604
79,B241409,60,3534,12,5,600,279,780,2228,False,13,213,1,1662
80,B815913,60,3799,12,6,720,315,840,2273,False,14,228,1,1696
81,B240420,60,4144,12,7,840,372,900,2353,False,15,277,2,1755
82,B240418,60,4433,12,8,960,429,960,2358,False,16,326,2,1758
83,B240405,60,4659,12,9,1080,455,960,2445,False,16,341,2,1823
84,starting by termial: LAZ GARAGE,60,0,13,0,0,0,0,0,True,0,0,0,0
85,B239408,60,2210,13,1,120,0,600,1997,False,10,0,0,1490
86,B239409,60,2523,13,2,240,74,600,2079,False,10,58,0,1551
87,B239410,60,2842,13,3,360,128,660,2143,False,11,95,0,1599
88,B815902,60,3277,13,4,480,222,720,2244,False,12,180,1,1675
89,B815901,60,3502,13,5,600,224,780,2292,False,13,188,1,1710
90,B611401,60,3854,13,6,720,281,840,2380,False,14,237,1,1776
91,B356407,60,4321,13,7,840,431,840,2512,False,14,336,2,1874
92,starting by termial: LAZ GARAGE,60,0,14,0,0,0,0,0,True,0,0,0,0
93,B905409,60,2165,14,1,120,0,600,1936,False,10,0,0,1445
94,B385401,60,2446,14,2,240,40,600,2058,False,10,30,0,1536
95,B385406,60,2736,14,3,360,97,660,2063,False,11,79,0,1540
96,B260405,60,3175,14,4,480,199,720,2193,False,12,139,1,1637
97,B260407,60,3584,14,5,600,268,780,2322,False,13,203,1,1733
98,B260406,60,4046,14,6,720,396,780,2477,False,13,302,2,1848
99,B824901,60,4327,14,7,840,421,840,2559,False,14,317,2,1909
100,B260412,60,4561,14,8,960,478,840,2570,False,14,366,3,1917
101,B261408,60,4901,14,9,1080,518,900,2694,False,15,394,3,2009
102,starting by termial: LAZ GARAGE,60,0,15,0,0,0,0,0,True,0,0,0,0
103,B239407,60,2121,15,1,120,0,600,1877,False,10,0,0,1401
104,B815903,60,2593,15,2,240,177,600,1972,False,10,104,0,1472
105,B239404,60,2809,15,3,360,181,660,2004,False,11,112,0,1496
106,B815906,60,3126,15,4,480,248,720,2049,False,12,149,1,1529
107,B239401,60,3347,15,5,600,250,780,2093,False,13,155,1,1562
108,B240408,60,3671,15,6,720,337,780,2184,False,13,204,1,1630
109,B239403,60,3951,15,7,840,366,840,2258,False,14,220,1,1685
110,B239402,60,4278,15,8,960,451,900,2277,False,15,268,2,1699
111,B356403,60,4520,15,9,1080,494,900,2355,False,15,289,2,1757
112,starting by termial: LAZ GARAGE,60,0,16,0,0,0,0,0,True,0,0,0,0
113,B825901,60,1994,16,1,120,0,540,1787,False,9,0,0,1334
114,B263403,60,2307,16,2,240,0,600,1965,False,10,0,0,1467
115,B263401,60,2717,16,3,360,100,660,2064,False,11,56,0,1541
116,B262402,60,3142,16,4,480,182,720,2200,False,12,118,0,1642
117,B259403,60,3356,16,5,600,239,720,2250,False,12,118,0,1679
118,B259404,60,3592,16,6,720,257,780,2279,False,13,134,1,1701
119,B259408,60,3884,16,7,840,283,840,2383,False,14,143,1,1778
120,B259409,60,4105,16,8,960,304,840,2462,False,14,164,1,1837
121,B290402,60,4471,16,9,1080,370,900,2546,False,15,221,1,1900
122,starting by termial: LAZ GARAGE,60,0,17,0,0,0,0,0,True,0,0,0,0
123,B238414,60,1877,17,1,120,0,480,1711,False,8,0,0,1277
124,B815911,60,2278,17,2,240,120,480,1812,False,8,86,0,1352
125,B238413,60,2422,17,3,360,120,480,1845,False,8,86,0,1376
126,B238408,60,2691,17,4,480,176,540,1848,False,9,117,0,1378
127,B238405,60,3079,17,5,600,287,540,1951,False,9,197,1,1455
128,B238410,60,3393,17,6,720,320,600,2053,False,10,222,1,1531
129,B238404,60,3701,17,7,840,386,660,2082,False,11,263,2,1552
130,B241414,60,3951,17,8,960,435,660,2142,False,11,299,2,1597
131,B815907,60,4180,17,9,1080,442,720,2193,False,12,303,2,1635
132,B240401,60,4530,17,10,1200,499,780,2280,False,13,352,2,1699
133,B241410,60,4769,17,11,1320,533,780,2357,False,13,379,3,1757
134,starting by termial: LAZ GARAGE,60,0,18,0,0,0,0,0,True,0,0,0,0
135,B261411,60,1923,18,1,120,0,540,1692,False,9,0,0,1263
136,B261410,60,2226,18,2,240,61,600,1709,False,10,49,0,1276
137,B385405,60,2579,18,3,360,127,600,1864,False,10,100,0,1392
138,B259401,60,3068,18,4,480,238,660,1977,False,11,214,1,1476
139,B262401,60,3313,18,5,600,265,660,2077,False,11,238,1,1550
140,B260410,60,3762,18,6,720,322,720,2295,False,12,287,2,1713
141,B259402,60,4124,18,7,840,389,780,2384,False,13,336,2,1779
142,B259410,60,4472,18,8,960,462,840,2411,False,14,411,3,1799
143,B905416,60,4896,18,9,1080,499,900,2668,False,15,426,3,1991
144,starting by termial: LAZ GARAGE,60,0,19,0,0,0,0,0,True,0,0,0,0
145,B330411,60,1850,19,1,120,0,480,1675,False,8,0,0,1250
146,B829902,60,2140,19,2,240,49,540,1692,False,9,48,0,1263
147,B328401,60,2542,19,3,360,106,600,1847,False,10,97,0,1379
148,B328403,60,2781,19,4,480,129,660,1861,False,11,123,1,1389
149,B330404,60,3254,19,5,600,161,720,2175,False,12,150,1,1623
150,B330401,60,3487,19,6,720,183,720,2273,False,12,168,1,1696
151,B201402,60,4652,19,7,840,246,960,3189,False,16,227,1,2379
152,starting by termial: LAZ GARAGE,60,0,20,0,0,0,0,0,True,0,0,0,0
153,B801911,60,1836,20,1,120,0,480,1657,False,8,0,0,1236
154,B527525,60,2064,20,2,240,57,480,1660,False,8,49,0,1238
155,B261402,60,2687,20,3,360,114,600,2031,False,10,98,0,1515
156,B261405,60,3040,20,4,480,186,660,2101,False,11,147,1,1567
157,B261404,60,3318,20,5,600,220,720,2164,False,12,164,1,1614
158,B261403,60,3626,20,6,720,264,780,2241,False,13,191,1,1671
159,B260404,60,4014,20,7,840,373,780,2342,False,13,275,2,1746
160,B260403,60,4325,20,8,960,435,840,2373,False,14,321,2,1769
161,B260408,60,4670,20,9,1080,485,900,2480,False,15,356,2,1849
162,B905408,60,4957,20,10,1200,536,900,2600,False,15,382,3,1939
163,starting by termial: LAZ GARAGE,60,0,21,0,0,0,0,0,True,0,0,0,0
164,B330402,60,1832,21,1,120,0,480,1651,False,8,0,0,1232
165,B330403,60,2082,21,2,240,34,540,1674,False,9,19,0,1249
166,B330413,60,2418,21,3,360,77,600,1792,False,10,44,0,1337
167,B330410,60,2712,21,4,480,131,660,1819,False,11,84,0,1357
168,B343401,60,3079,21,5,600,186,720,1917,False,12,143,1,1430
169,B343406,60,3349,21,6,720,204,780,1971,False,13,175,1,1470
170,B343408,60,3729,21,7,840,278,840,2056,False,14,238,1,1533
171,B343402,60,4061,21,8,960,349,900,2083,False,15,299,2,1553
172,B343403,60,4268,21,9,1080,371,900,2152,False,15,313,2,1604
173,B343404,60,4602,21,10,1200,387,960,2312,False,16,332,2,1723
174,B330405,60,4827,21,11,1320,399,960,2419,False,16,345,2,1803
175,B330412,60,5307,21,12,1440,418,1080,2680,False,18,371,3,1998
176,starting by termial: LAZ GARAGE,60,0,22,0,0,0,0,0,True,0,0,0,0
177,B204403,60,1784,22,1,120,0,480,1587,False,8,0,0,1184
178,B231411,60,3503,22,2,240,64,960,2923,False,16,58,0,2181
179,B232407,60,3799,22,3,360,128,1020,2941,False,17,96,0,2195
180,B811901,60,4228,22,4,480,194,1080,3143,False,18,128,1,2346
181,B238412,60,4429,22,5,600,198,1140,3152,False,19,139,1,2352
182,B815905,60,4735,22,6,720,273,1140,3250,False,19,177,1,2425
183,B815909,60,4936,22,7,840,274,1200,3274,False,20,180,1,2442
184,B238406,60,5141,22,8,960,276,1200,3376,False,20,187,1,2518
185,starting by termial: LAZ GARAGE,60,0,23,0,0,0,0,0,True,0,0,0,0
186,B824902,60,1781,23,1,120,0,480,1583,False,8,0,0,1181
187,B257401,60,2096,23,2,240,57,480,1703,False,8,49,0,1270
188,B257402,60,2416,23,3,360,114,480,1829,False,8,98,0,1364
189,B257417,60,2713,23,4,480,186,540,1837,False,9,137,1,1370
190,B257403,60,3105,23,5,600,265,600,1939,False,10,194,1,1446
191,B257410,60,3496,23,6,720,325,660,1981,False,11,314,2,1477
192,B257409,60,3845,23,7,840,399,660,2071,False,11,402,3,1544
193,B257404,60,4146,23,8,960,454,720,2083,False,12,459,3,1553
194,B823901,60,4504,23,9,1080,501,780,2194,False,13,507,4,1636
195,B261406,60,4758,23,10,1200,558,780,2232,False,13,556,4,1664
196,starting by termial: LAZ GARAGE,60,0,24,0,0,0,0,0,True,0,0,0,0
197,B203401,60,1779,24,1,120,0,480,1580,False,8,0,0,1179
198,B203402,60,2045,24,2,240,14,480,1747,False,8,8,0,1303
199,B203403,60,2249,24,3,360,48,480,1787,False,8,28,0,1333
200,B232401,60,2490,24,4,480,70,480,1898,False,8,44,0,1416
201,B232404,60,2759,24,5,600,103,540,1946,False,9,64,0,1452
202,B203404,60,3195,24,6,720,171,600,2123,False,10,120,1,1584
203,B237410,60,3638,24,7,840,188,720,2367,False,12,124,1,1766
204,B203405,60,3902,24,8,960,199,780,2457,False,13,130,1,1833
205,B241406,60,4112,24,9,1080,214,780,2544,False,13,140,1,1898
206,B815910,60,4324,24,10,1200,228,840,2553,False,14,151,1,1905
207,B241411,60,4526,24,11,1320,232,840,2645,False,14,161,1,1973
208,B815908,60,4691,24,12,1440,253,840,2651,False,14,181,1,1977
209,starting by termial: LAZ GARAGE,60,0,25,0,0,0,0,0,True,0,0,0,0
210,B328407,60,1700,25,1,120,0,420,1554,False,7,0,0,1160
211,B328402,60,1902,25,2,240,6,480,1568,False,8,5,0,1171
212,B329412,60,2267,25,3,360,63,540,1674,False,9,54,0,1250
213,B329406,60,2521,25,4,480,79,600,1726,False,10,74,0,1288
214,B329414,60,2765,25,5,600,100,660,1763,False,11,89,0,1316
215,B329415,60,2973,25,6,720,119,660,1832,False,11,107,0,1367
216,B329408,60,3227,25,7,840,128,720,1905,False,12,117,0,1422
217,B329402,60,3463,25,8,960,159,780,1914,False,13,135,1,1429
218,B201407,60,3827,25,9,1080,216,840,2028,False,14,177,1,1514
219,B329407,60,4258,25,10,1200,304,900,2170,False,15,234,1,1620
220,B329401,60,4569,25,11,1320,358,960,2189,False,16,297,2,1634
221,B828902,60,4915,25,12,1440,457,960,2196,False,16,419,3,1639
222,starting by termial: LAZ GARAGE,60,0,26,0,0,0,0,0,True,0,0,0,0
223,B231414,60,1633,26,1,120,0,420,1465,False,7,0,0,1093
224,B231413,60,1885,26,2,240,40,480,1482,False,8,20,0,1105
225,B231412,60,2126,26,3,360,88,480,1537,False,8,52,0,1146
226,B232412,60,2395,26,4,480,108,540,1616,False,9,62,0,1205
227,B232411,60,2712,26,5,600,143,600,1729,False,10,80,0,1289
228,B232408,60,3044,26,6,720,205,600,1886,False,10,113,0,1406
229,B232405,60,3457,26,7,840,318,660,1958,False,11,180,1,1459
230,B232406,60,3672,26,8,960,345,660,2025,False,11,198,1,1509
231,B232410,60,3989,26,9,1080,418,720,2066,False,12,231,1,1540
232,B238401,60,4244,26,10,1200,431,780,2143,False,13,236,1,1597
233,B238402,60,4540,26,11,1320,500,840,2160,False,14,271,2,1609
234,B232402,60,4848,26,12,1440,533,900,2267,False,15,286,2,1689
235,B232403,60,5162,26,13,1560,573,960,2354,False,16,315,2,1754
236,starting by termial: LAZ GARAGE,60,0,27,0,0,0,0,0,True,0,0,0,0
237,B230411,60,1487,27,1,120,0,360,1350,False,6,0,0,1007
238,B230407,60,1834,27,2,240,27,420,1509,False,7,21,0,1126
239,B230410,60,2057,27,3,360,45,480,1523,False,8,35,0,1137
240,B230401,60,2400,27,4,480,94,540,1628,False,9,70,0,1216
241,B811904,60,2733,27,5,600,167,600,1664,False,10,124,1,1242
242,B815904,60,2921,27,6,720,167,600,1756,False,10,124,1,1310
243,B230406,60,3149,27,7,840,172,660,1810,False,11,127,1,1350
244,B240412,60,3424,27,8,960,243,660,1856,False,11,177,1,1384
245,B240411,60,3720,27,9,1080,303,720,1881,False,12,214,1,1403
246,B240413,60,3993,27,10,1200,330,780,1947,False,13,231,1,1452
247,B240410,60,4267,27,11,1320,379,840,1955,False,14,270,2,1458
248,B240419,60,4525,27,12,1440,422,840,2038,False,14,303,2,1520
249,B240417,60,4763,27,13,1560,441,900,2065,False,15,322,2,1540
250,B238411,60,4999,27,14,1680,463,900,2178,False,15,332,2,1624
251,starting by termial: LAZ GARAGE,60,0,28,0,0,0,0,0,True,0,0,0,0
252,B230405,60,1435,28,1,120,0,360,1280,False,6,0,0,955
253,B230403,60,1730,28,2,240,67,360,1363,False,6,46,0,1017
254,B230408,60,2086,28,3,360,113,420,1494,False,7,78,0,1115
255,B230412,60,2363,28,4,480,166,480,1514,False,8,107,0,1130
256,B231409,60,2737,28,5,600,237,540,1617,False,9,153,1,1207
257,B230409,60,3006,28,6,720,244,600,1717,False,10,160,1,1282
258,B811903,60,3256,28,7,840,325,600,1722,False,10,205,1,1286
259,B230402,60,3444,28,8,960,326,660,1725,False,11,210,1,1288
260,B231410,60,3719,28,9,1080,351,720,1795,False,12,228,1,1340
261,B231416,60,3950,28,10,1200,377,780,1812,False,13,240,2,1353
262,B231406,60,4198,28,11,1320,389,840,1883,False,14,243,2,1406
263,B238409,60,4466,28,12,1440,453,840,1954,False,14,274,2,1459
264,B238415,60,4808,28,13,1560,527,900,2016,False,15,316,2,1505
265,B238403,60,5038,28,14,1680,539,960,2058,False,16,323,2,1536
266,starting by termial: LAZ GARAGE,60,0,29,0,0,0,0,0,True,0,0,0,0
267,B734401,60,1412,29,1,120,0,360,1249,False,6,0,0,932
268,B201409,60,1926,29,2,240,61,480,1480,False,8,40,0,1105
269,B828906,60,2148,29,3,360,109,480,1502,False,8,77,0,1122
270,B828901,60,2425,29,4,480,166,480,1570,False,8,126,1,1173
271,B201410,60,2652,29,5,600,223,480,1572,False,8,175,1,1174
272,B828905,60,2883,29,6,720,269,480,1622,False,8,203,1,1211
273,B828904,60,3171,29,7,840,326,540,1625,False,9,252,2,1213
274,B201405,60,3394,29,8,960,328,600,1669,False,10,261,2,1245
275,B201406,60,3590,29,9,1080,352,600,1714,False,10,280,2,1278
276,B329403,60,3912,29,10,1200,439,600,1768,False,10,355,2,1318
277,B201408,60,4314,29,11,1320,574,600,1840,False,10,448,3,1372
278,B828903,60,4695,29,12,1440,679,600,1918,False,10,546,4,1430
279,B329409,60,4924,29,13,1560,687,600,2018,False,10,572,4,1505
280,B829901,60,5455,29,14,1680,793,660,2240,False,11,651,5,1671
281,starting by termial: LAZ GARAGE,60,0,30,0,0,0,0,0,True,0,0,0,0
282,B229404,60,1295,30,1,120,0,300,1172,False,5,0,0,875
283,B229401,60,1634,30,2,240,70,360,1227,False,6,48,0,916
284,B229402,60,1921,30,3,360,131,360,1317,False,6,87,0,983
285,B229403,60,2294,30,4,480,252,420,1326,False,7,153,1,989
286,B335402,60,2640,30,5,600,317,480,1402,False,8,197,1,1046
287,B335404,60,2869,30,6,720,344,540,1410,False,9,213,1,1052
288,B231401,60,3336,30,7,840,473,600,1514,False,10,294,2,1129
289,B811906,60,3553,30,8,960,527,600,1529,False,10,326,2,1140
290,B231415,60,3737,30,9,1080,527,660,1534,False,11,326,2,1144
291,B231402,60,3991,30,10,1200,549,720,1587,False,12,339,2,1183
292,B231403,60,4250,30,11,1320,598,780,1590,False,13,367,3,1185
293,B231404,60,4540,30,12,1440,671,780,1671,False,13,404,3,1245
294,B231408,60,4855,30,13,1560,747,840,1686,False,14,452,3,1256
295,B231407,60,5198,30,14,1680,798,900,1789,False,15,487,4,1333
296,starting by termial: LAZ GARAGE,60,0,31,0,0,0,0,0,True,0,0,0,0
297,B527521,60,1256,31,1,120,0,300,1121,False,5,0,0,836
298,B512504,60,1889,31,2,240,25,420,1599,False,7,11,0,1193
299,B803905,60,2051,31,3,360,40,420,1619,False,7,23,0,1208
300,B528508,60,2725,31,4,480,40,540,2200,False,9,23,0,1642
301,B514504,60,3015,31,5,600,69,600,2282,False,10,43,0,1703
302,B527511,60,3455,31,6,720,153,660,2422,False,11,115,0,1807
303,B262406,60,4096,31,7,840,189,780,2877,False,13,141,1,2146
304,B386413,60,4474,31,8,960,244,840,2979,False,14,208,1,2222
305,starting by termial: LAZ GARAGE,60,0,32,0,0,0,0,0,True,0,0,0,0
306,B802901,60,1235,32,1,120,0,300,1093,False,5,0,0,815
307,B512502,60,1578,32,2,240,57,360,1169,False,6,49,0,872
308,B802902,60,1731,32,3,360,62,360,1199,False,6,55,0,894
309,B512512,60,1914,32,4,480,62,420,1204,False,7,55,0,897
310,B802907,60,2082,32,5,600,81,420,1230,False,7,65,0,916
311,B527501,60,2489,32,6,720,111,480,1333,False,8,185,1,993
312,B801909,60,2670,32,7,840,139,480,1342,False,8,212,1,999
313,B527518,60,3040,32,8,960,196,540,1455,False,9,261,2,1083
314,B527504,60,3296,32,9,1080,225,600,1495,False,10,278,2,1113
315,B527509,60,3534,32,10,1200,248,600,1601,False,10,294,2,1192
316,B802908,60,3786,32,11,1320,276,600,1709,False,10,317,2,1273
317,B527505,60,4168,32,12,1440,333,600,1918,False,10,366,3,1429
318,B527503,60,4516,32,13,1560,407,600,2047,False,10,424,3,1525
319,B517501,60,4846,32,14,1680,453,600,2179,False,10,489,4,1624
320,B801907,60,4986,32,15,1800,467,600,2180,False,10,495,4,1624
321,B517511,60,5240,32,16,1920,467,660,2280,False,11,495,4,1698
322,starting by termial: LAZ GARAGE,60,0,33,0,0,0,0,0,True,0,0,0,0
323,B803902,60,1214,33,1,120,0,300,1064,False,5,0,0,794
324,B511504,60,1476,33,2,240,57,300,1112,False,5,49,0,830
325,B512510,60,1826,33,3,360,120,300,1241,False,5,120,1,926
326,B512505,60,2091,33,4,480,148,360,1288,False,6,142,1,961
327,B527516,60,2411,33,5,600,184,420,1386,False,7,173,1,1034
328,B803901,60,2599,33,6,720,215,420,1399,False,7,200,1,1044
329,B528502,60,2977,33,7,840,245,480,1464,False,8,320,2,1092
330,B527507,60,3293,33,8,960,288,480,1612,False,8,363,3,1202
331,B527510,60,3644,33,9,1080,363,540,1672,False,9,414,3,1247
332,B528507,60,4604,33,10,1200,547,600,1850,False,10,877,7,1380
333,B527508,60,4829,33,11,1320,593,600,1871,False,10,920,7,1396
334,B527519,60,5161,33,12,1440,646,600,2033,False,10,958,7,1517
335,B527506,60,5400,33,13,1560,672,600,2117,False,10,988,8,1580
336,B512503,60,5728,33,14,1680,692,660,2252,False,11,1015,8,1681
337,B512511,60,5975,33,15,1800,720,720,2279,False,12,1034,8,1701
338,starting by termial: LAZ GARAGE,60,0,34,0,0,0,0,0,True,0,0,0,0
339,B228405,60,1192,34,1,120,0,300,1035,False,5,0,0,772
340,B228403,60,1501,34,2,240,57,360,1068,False,6,48,0,796
341,B228410,60,1893,34,3,360,148,420,1161,False,7,100,0,865
342,B210401,60,2166,34,4,480,172,420,1308,False,7,120,1,974
343,B228401,60,2584,34,5,600,224,480,1469,False,8,186,1,1094
344,B228402,60,2830,34,6,720,261,540,1481,False,9,206,1,1103
345,B228408,60,3249,34,7,840,378,540,1625,False,9,280,2,1211
346,B227401,60,3805,34,8,960,588,600,1657,False,10,422,3,1235
347,B213404,60,4364,34,9,1080,692,720,1852,False,12,491,4,1381
348,B213403,60,4831,34,10,1200,846,780,1884,False,13,600,5,1405
349,B212410,60,5336,34,11,1320,996,840,1993,False,14,694,5,1486
350,starting by termial: LAZ GARAGE,60,0,35,0,0,0,0,0,True,0,0,0,0
351,B511511,60,1145,35,1,120,0,300,972,False,5,0,0,725
352,B802906,60,1423,35,2,240,37,360,1003,False,6,38,0,748
353,B802903,60,1626,35,3,360,39,360,1112,False,6,38,0,829
354,B527523,60,1896,35,4,480,54,360,1213,False,6,98,0,904
355,B527520,60,2118,35,5,600,71,420,1238,False,7,104,0,923
356,B512514,60,2395,35,6,720,123,420,1315,False,7,152,1,980
357,B512501,60,2627,35,7,840,131,480,1360,False,8,162,1,1014
358,B528504,60,2899,35,8,960,170,480,1454,False,8,205,1,1084
359,B517506,60,3140,35,9,1080,198,540,1460,False,9,234,1,1088
360,B512513,60,3605,35,10,1200,313,600,1527,False,10,354,2,1138
361,B528505,60,3907,35,11,1320,358,660,1551,False,11,413,3,1156
362,B517502,60,4200,35,12,1440,384,720,1626,False,12,444,3,1212
363,B517503,60,4630,35,13,1560,501,780,1643,False,13,564,4,1225
364,B801906,60,4781,35,14,1680,504,780,1676,False,13,568,4,1249
365,B527514,60,5129,35,15,1800,561,840,1760,False,14,617,5,1311
366,B527502,60,5402,35,16,1920,579,900,1851,False,15,624,5,1379
367,B528503,60,5708,35,17,2040,613,900,2016,False,15,653,5,1502
368,starting by termial: LAZ GARAGE,60,0,36,0,0,0,0,0,True,0,0,0,0
369,B513504,60,1077,36,1,120,0,240,961,False,4,0,0,717
370,B804901,60,1673,36,2,240,66,360,1285,False,6,49,0,958
371,B528510,60,2183,36,3,360,123,420,1586,False,7,98,0,1182
372,B805901,60,2477,36,4,480,139,480,1699,False,8,112,0,1266
373,B512508,60,2826,36,5,600,143,540,1909,False,9,120,1,1423
374,B512507,60,3137,36,6,720,167,600,2021,False,10,144,1,1506
375,B804903,60,3468,36,7,840,233,660,2038,False,11,216,1,1519
376,B804904,60,3685,36,8,960,243,660,2127,False,11,237,1,1585
377,B512506,60,3880,36,9,1080,248,720,2129,False,12,246,2,1586
378,B527512,60,4034,36,10,1200,252,720,2167,False,12,248,2,1614
379,B804905,60,4400,36,11,1320,295,780,2289,False,13,300,2,1705
380,B804906,60,4721,36,12,1440,310,840,2432,False,14,319,2,1812
381,B527524,60,4947,36,13,1560,367,840,2432,False,14,368,3,1812
382,B803904,60,5232,36,14,1680,402,840,2531,False,14,425,3,1885
383,starting by termial: LAZ GARAGE,60,0,37,0,0,0,0,0,True,0,0,0,0
384,B527517,60,994,37,1,120,0,240,849,False,4,0,0,634
385,B527522,60,1557,37,2,240,141,300,981,False,5,143,1,733
386,B517507,60,1907,37,3,360,224,300,1114,False,5,191,1,832
387,B517512,60,2195,37,4,480,281,360,1117,False,6,240,2,834
388,B517508,60,2417,37,5,600,316,360,1143,False,6,288,2,853
389,B801903,60,2726,37,6,720,346,360,1196,False,6,408,3,892
390,B517518,60,2975,37,7,840,376,360,1196,False,6,507,4,892
391,B517513,60,3242,37,8,960,402,360,1323,False,6,534,4,986
392,B517514,60,3484,37,9,1080,420,420,1338,False,7,567,4,997
393,B511505,60,3766,37,10,1200,441,480,1415,False,8,591,4,1054
394,B517515,60,4209,37,11,1320,527,540,1544,False,9,672,5,1150
395,B801904,60,4373,37,12,1440,552,540,1548,False,9,688,5,1153
396,B517516,60,4685,37,13,1560,609,600,1583,False,10,737,6,1179
397,B801905,60,4949,37,14,1680,619,660,1674,False,11,743,6,1247
398,B517520,60,5071,37,15,1800,619,660,1676,False,11,743,6,1249
399,B517504,60,5268,37,16,1920,625,720,1690,False,12,744,6,1259
400,B801910,60,5570,37,17,2040,682,780,1777,False,13,744,6,1324
401,starting by termial: LAZ GARAGE,60,0,38,0,0,0,0,0,True,0,0,0,0
402,B513506,60,868,38,1,120,0,180,762,False,3,0,0,568
403,B513505,60,1202,38,2,240,43,180,937,False,3,41,0,698
404,B511506,60,1548,38,3,360,119,180,1079,False,3,86,0,803
405,B511507,60,2047,38,4,480,286,180,1199,False,3,209,1,892
406,B511509,60,2381,38,5,600,340,240,1260,False,4,263,2,938
407,B511508,60,2669,38,6,720,400,240,1337,False,4,314,2,995
408,B804908,60,3200,38,7,840,511,300,1543,False,5,400,3,1149
409,B804902,60,3367,38,8,960,516,300,1589,False,5,408,3,1183
410,B514501,60,3653,38,9,1080,573,300,1670,False,5,457,3,1243
411,B804907,60,4172,38,10,1200,737,360,1745,False,6,576,4,1299
412,B514503,60,4387,38,11,1320,743,360,1838,False,6,596,4,1368
413,B514506,60,4660,38,12,1440,793,420,1844,False,7,635,5,1372
414,B514507,60,4922,38,13,1560,836,420,1924,False,7,674,5,1432
415,B514502,60,5339,38,14,1680,913,480,2077,False,8,720,6,1546
416,starting by termial: LAZ GARAGE,60,0,39,0,0,0,0,0,True,0,0,0,0
417,B533503,60,807,39,1,120,0,180,680,False,3,0,0,507
418,B533514,60,1045,39,2,240,17,240,702,False,4,25,0,523
419,B533501,60,1450,39,3,360,101,240,728,False,4,206,1,543
420,B533507,60,1696,39,4,480,102,300,815,False,5,206,1,608
421,B212403,60,2139,39,5,600,105,420,1078,False,7,210,1,804
422,B810901,60,2686,39,6,720,254,480,1186,False,8,347,2,885
423,B212407,60,2908,39,7,840,254,540,1242,False,9,347,2,927
424,B212408,60,3343,39,8,960,316,600,1417,False,10,409,3,1058
425,B212409,60,3702,39,9,1080,415,660,1420,False,11,487,4,1060
426,B212402,60,4087,39,10,1200,461,720,1591,False,12,519,4,1187
427,B213401,60,4509,39,11,1320,564,780,1682,False,13,590,4,1255
428,B204401,60,5128,39,12,1440,761,840,1786,False,14,754,6,1333
429,B212411,60,6178,39,13,1560,872,1080,2448,False,18,839,6,1827
430,starting by termial: LAZ GARAGE,60,0,40,0,0,0,0,0,True,0,0,0,0
431,B800901,60,598,40,1,120,0,120,479,False,2,0,0,358
432,B336506,60,893,40,2,240,57,180,492,False,3,49,0,367
433,B336505,60,1203,40,3,360,125,240,506,False,4,101,0,377
434,B545519,60,1680,40,4,480,212,300,685,False,5,178,1,510
435,B545518,60,2051,40,5,600,304,300,805,False,5,248,2,599
436,B545512,60,2370,40,6,720,336,360,925,False,6,266,2,688
437,B545505,60,2880,40,7,840,382,480,1177,False,8,302,2,876
438,B545516,60,3145,40,8,960,426,540,1188,False,9,335,2,884
439,B545510,60,3501,40,9,1080,495,540,1337,False,9,391,3,995
440,B803903,60,3937,40,10,1200,637,600,1353,False,10,493,4,1007
441,B513508,60,4210,40,11,1320,637,660,1478,False,11,493,4,1100
442,B545509,60,4524,40,12,1440,709,660,1577,False,11,541,4,1174
443,B545513,60,4915,40,13,1560,806,720,1620,False,12,623,5,1206
444,B545506,60,5198,40,14,1680,844,720,1748,False,12,652,5,1302
445,B545508,60,5446,40,15,1800,882,780,1754,False,13,678,5,1306
446,B545514,60,5818,40,16,1920,957,840,1846,False,14,727,6,1374
447,starting by termial: LAZ GARAGE,60,0,41,0,0,0,0,0,True,0,0,0,0
448,B336508,60,447,41,1,120,0,60,358,False,1,0,0,267
449,B336507,60,726,41,2,240,50,120,363,False,2,45,0,271
450,B336503,60,1169,41,3,360,141,180,490,False,3,122,1,366
451,B336502,60,1601,41,4,480,253,240,564,False,4,207,1,421
452,B336512,60,1796,41,5,600,286,240,572,False,4,243,2,427
453,B533504,60,2041,41,6,720,341,240,604,False,4,290,2,450
454,B533505,60,2241,41,7,840,348,300,611,False,5,298,2,455
455,B209503,60,2546,41,8,960,373,360,687,False,6,342,2,511
456,B336513,60,2701,41,9,1080,384,360,703,False,6,354,2,523
457,B801901,60,3171,41,10,1200,443,420,946,False,7,404,3,704
458,B517505,60,3423,41,11,1320,443,480,1042,False,8,404,3,776
459,B801908,60,3598,41,12,1440,469,480,1080,False,8,404,3,805
460,B545501,60,3838,41,13,1560,469,540,1161,False,9,404,3,865
461,B517519,60,4215,41,14,1680,523,600,1300,False,10,443,3,969
462,B801902,60,4388,41,15,1800,545,600,1300,False,10,474,3,969
463,B545517,60,4743,41,16,1920,560,660,1434,False,11,534,4,1069
464,B335401,60,5267,41,17,2040,619,780,1677,False,13,578,4,1250
465,B230404,60,5600,41,18,2160,680,840,1752,False,14,614,5,1306
466,starting by termial: LAZ GARAGE,60,0,42,0,0,0,0,0,True,0,0,0,0
467,B351501,60,402,42,1,120,0,60,297,False,1,0,0,222
468,B414502,60,777,42,2,240,91,60,388,False,1,96,0,290
469,B351503,60,1401,42,3,360,273,120,569,False,2,223,1,425
470,B414506,60,1965,42,4,480,310,180,971,False,3,270,2,725
471,B800903,60,2253,42,5,600,398,180,971,False,3,350,2,725
472,B414505,60,2673,42,6,720,428,240,1092,False,4,470,3,815
473,B414504,60,2858,42,7,840,441,240,1138,False,4,488,4,849
474,B414507,60,3062,42,8,960,444,300,1166,False,5,488,4,870
475,B800902,60,3312,42,9,1080,466,360,1204,False,6,508,4,898
476,B336515,60,3609,42,10,1200,505,360,1229,False,6,628,5,916
477,B336509,60,3967,42,11,1320,541,420,1377,False,7,660,5,1026
478,B336501,60,4251,42,12,1440,624,420,1392,False,7,730,6,1037
479,B336511,60,4479,42,13,1560,672,420,1430,False,7,762,6,1065
480,B336510,60,4741,42,14,1680,700,480,1473,False,8,784,6,1097
481,B336504,60,4901,42,15,1800,722,480,1480,False,8,797,6,1102
482,B533506,60,5247,42,16,1920,805,540,1527,False,9,845,7,1137
483,B533508,60,5408,42,17,2040,810,540,1571,False,9,848,7,1170
484,B533511,60,5607,42,18,2160,819,600,1575,False,10,855,7,1173
485,B533510,60,5817,42,19,2280,839,600,1621,False,10,891,7,1207
486,B209504,60,6179,42,20,2400,850,660,1841,False,11,898,7,1371
487,B336514,60,6376,42,21,2520,870,660,1870,False,11,934,7,1392
488,starting by termial: LAZ GARAGE,60,0,43,0,0,0,0,0,True,0,0,0,0
489,B900503,60,397,43,1,120,0,60,290,False,1,0,0,217
490,B902501,60,810,43,2,240,124,120,302,False,2,100,0,226
491,B900501,60,1665,43,3,360,342,240,558,False,4,306,2,417
492,B902503,60,2067,43,4,480,426,300,642,False,5,381,3,480
493,B901401,60,2710,43,5,600,543,420,878,False,7,491,4,656
494,B901403,60,3080,43,6,720,641,480,900,False,8,566,4,673
495,B909402,60,3803,43,7,840,715,660,1304,False,11,614,5,974
496,B909401,60,4060,43,8,960,758,720,1318,False,12,638,5,984
497,B328404,60,4431,43,9,1080,821,780,1441,False,13,674,5,1076
498,B328405,60,4744,43,10,1200,894,840,1461,False,14,719,5,1091
499,B329411,60,5089,43,11,1320,962,840,1594,False,14,777,6,1190
500,B329416,60,5360,43,12,1440,999,900,1620,False,15,812,6,1209
501,B528501,60,5949,43,13,1560,1006,1020,2072,False,17,817,6,1546
