COLID,BlockID,MaxCurrentRate,Latitude,Longitude,Average.Duration.of.Paid.Parkers.in.Hours,Unpaid.Vehicles,Expired.Vehicles,Exempt.Vehicles,Spaces.Occupied,Survey.Count,Receipt.Transactions,Mobile.Transactions,StreetDirection,StreetSide,BlockDescription,BlockStartNumber,BlockEndNumber,TerminalLocationAddress,TerminalID,Area,Zone,ID,X,Y,megaCluster,Demand,Cars,ExpectedTimePerVehicle,PercentageCheck,TerminalTypeName,NumberOfSpaces
1,B202401,4,41.89312322,-87.64006175,1.093741497,25,8,3,122,44,540,930,W,N,346 - 444 W ONTARIO ST,346,444,428 W ONTARIO ST,202402,202,4,1,446902.8782,4638107.972,0,0.75,2.772727273,24.87736379,1,MP104,27
2,B203401,4,41.89329792,-87.62580782,1.090528028,2,2,0,48,59,760,572,E,S,45 - 53 E ONTARIO ST,45,53,45 E ONTARIO ST,203401,203,4,2,448085.4775,4638118.646,0,0.06779661,0.813559322,19.62598963,1,MP104,3
3,B203402,4,41.89326897,-87.62780204,1.099281089,4,8,5,123,66,1351,1686,E,S,7 - 47 E ONTARIO ST,7,47,9 E ONTARIO ST,203402,203,4,3,447920.0207,4638116.64,0,0.181818182,1.863636364,22.05630556,1,MP104,8
4,B203403,4,41.89326149,-87.62828015,1.059308013,9,3,2,79,67,1103,1214,W,S,3 - 21 W ONTARIO ST,3,21,9 W ONTARIO ST,203403,203,4,4,447880.3523,4638116.1,0,0.179104478,1.179104478,22.04415251,1,MP104,6
5,B203404,4,41.89323853,-87.63021067,1.136692416,1,0,0,56,66,824,600,W,S,49 - 71 W ONTARIO ST,49,71,57 W ONTARIO ST,203404,203,4,5,447720.1845,4638114.725,0,0.015151515,0.848484848,18.65842697,1,MP104,8
6,B203405,4,41.89318861,-87.63338372,1.05841005,9,5,0,86,70,764,974,W,S,145 - 165 W ONTARIO ST,145,165,157 W ONTARIO ST,203405,203,4,6,447456.9186,4638111.121,0,0.2,1.228571429,22.74683544,1,MP104,6
7,B204401,4,41.89345865,-87.61720531,1.165241121,93,22,17,524,154,932,1114,E,N,410 - 454 E ONTARIO ST,410,454,428 E ONTARIO ST,204402,204,4,7,448799.2388,4638131.322,0,0.746753247,3.402597403,23.38407113,1,MP104,12
8,B204403,4,41.89344368,-87.61642747,1.157675036,67,20,7,379,156,920,713,E,S,439 - 467 E ONTARIO ST,439,467,451 E ONTARIO ST,204403,204,4,8,448863.7535,4638129.196,0,0.557692308,2.429487179,21.54929577,1,MP104,7
9,B212402,4,41.89185785,-87.61703633,1.203650396,77,16,19,476,119,1088,1309,E,N,410 - 440 E GRAND AVE,410,440,426 E GRAND AVE,212402,212,4,9,448811.9786,4637953.489,0,0.781512605,4,22.82346176,1,MP104,8
10,B212403,4,41.88999944,-87.61857323,1.243110203,176,67,20,870,140,1965,1949,N,W,414 - 452 N NEW ST,414,452,422 N NEW ST,212404,212,4,10,448682.9927,4637748.072,0,1.735714286,6.214285714,22.90590078,1,MP104,11
11,B212407,4,41.88951174,-87.61723816,1.144161148,71,19,4,311,131,723,787,E,S,343 - 349 E NORTH WATER ST,343,349,347 E NORTH WATER ST,212407,212,4,11,448793.3614,4637693.126,0,0.687022901,2.374045802,23.27766326,1,MP104,4
12,B212408,4,41.89079465,-87.61765189,1.185018548,106,33,12,549,131,1522,1623,N,E,415 - 465 N MCCLURG CT,415,465,463 N MCCLURG CT,212412,212,4,12,448760.0631,4637835.812,0,1.061068702,4.190839695,22.89353643,1,MP104,12
13,B212409,4,41.89080461,-87.61768274,1.172809306,39,18,2,264,129,864,669,N,W,452 - 456 N MCCLURG CT,452,456,454 N MCCLURG CT,212409,212,4,13,448757.5118,4637836.936,0,0.441860465,2.046511628,21.22800338,1,MP104,3
14,B212410,4,41.89182741,-87.61852428,1.241825141,75,31,17,542,122,1286,1501,E,N,334 - 346 E GRAND AVE,334,346,340 E GRAND AVE,212410,212,4,14,448688.5166,4637950.998,0,0.868852459,4.442622951,22.69708348,1,MP104,9
15,B213401,4,41.89265501,-87.61701152,1.148985177,182,63,54,1014,140,1873,2512,E,N,404 - 454 E OHIO ST,404,454,416 E OHIO ST,213402,213,4,15,448814.6733,4638041.98,0,1.75,7.242857143,23.76482169,1,MP104,15
16,B213403,4,41.89263055,-87.61877708,1.151520318,102,22,14,647,136,531,1815,E,N,352 - 358 E OHIO ST,352,358,356 E OHIO ST,213403,213,4,16,448668.1878,4638040.319,0,0.911764706,4.757352941,26.41814565,1,MP104,14
17,B213404,4,41.89259911,-87.61912577,1.180983345,116,37,15,732,128,2217,2166,E,S,301 - 351 E OHIO ST,301,351,343 E OHIO ST,213406,213,4,17,448639.2362,4638037.037,0,1.1953125,5.71875,22.14982417,1,MP104,14
18,B214402,4,41.89424381,-87.61704437,1.091770258,60,12,65,430,150,748,700,E,S,411 - 455 E ERIE ST,411,455,421 E ERIE ST,214402,214,4,18,448813.2167,4638218.401,0,0.48,2.866666667,21.92950343,1,MP104,8
19,B214404,4,41.89427626,-87.61680968,1.117605333,117,30,90,741,149,1735,1390,E,N,416 - 460 E ERIE ST,416,460,420 E ERIE ST,214404,214,4,19,448832.7114,4638221.863,0,0.986577181,4.973154362,21.63015075,1,MP104,16
20,B214405,4,41.89422385,-87.61985935,1.122328673,50,21,44,400,160,1066,865,E,N,312 - 350 E ERIE ST,312,350,316 E ERIE ST,214408,214,4,20,448579.6837,4638217.868,0,0.44375,2.5,21.34177765,1,MP104,4
21,B215401,4,41.89499302,-87.61982381,1.144823848,129,35,60,691,158,897,948,E,S,303 - 353 E HURON ST,303,353,311 E HURON ST,215405,215,4,21,448583.2488,4638303.245,0,1.037974684,4.373417722,23.12913594,1,MP104,14
22,B215402,4,41.89503395,-87.61919685,1.190244562,32,6,40,385,155,1905,562,E,N,300 - 348 E HURON ST,300,348,340 E HURON ST,215402,215,4,22,448635.2906,4638307.414,0,0.24516129,2.483870968,16.57981913,1,MP104,19
23,B216401,4,41.89585753,-87.61737898,1.154883319,119,31,67,704,150,1198,1116,E,N,304 - 374 E SUPERIOR ST,304,374,368 E SUPERIOR ST,216403,216,4,23,448786.7483,4638397.768,0,1,4.693333333,22.35620195,1,MP104,28
24,B216404,4,41.89683831,-87.61829898,1.00630355,66,15,16,378,144,1079,555,E,N,312 - 378 E CHICAGO AVE,312,378,368 E CHICAGO AVE,216404,216,4,24,448711.2163,4638507.211,0,0.5625,2.625,20.39501502,1,MP104,22
25,B216406,4,41.89679389,-87.61907011,1.059392655,86,27,43,584,155,1669,691,E,S,305 - 379 E CHICAGO AVE,305,379,331 E CHICAGO AVE,216407,216,4,25,448647.2141,4638502.74,0,0.729032258,3.767741935,19.40766478,1,MP104,25
26,B217401,4,41.89923449,-87.62107667,1.154982456,78,16,11,460,129,1296,1079,E,S,209 - 229 E DELAWARE PL,209,229,225 E DELAWARE PL,217401,217,4,26,448482.7279,4638774.917,0,0.728682171,3.565891473,21.47209792,1,MP104,7
27,B217402,4,41.89928597,-87.61979431,1.298732719,48,17,10,322,126,648,654,E,N,352 - 362 E DELAWARE PL,352,362,354 E DELAWARE PL,217402,217,4,27,448589.1392,4638779.864,0,0.515873016,2.555555556,22.14674726,1,MP104,6
28,B217403,4,41.8992555,-87.619835,1.266870273,38,17,10,268,124,570,576,E,S,257 - 263 E DELAWARE PL,257,263,259 E DELAWARE PL,217403,217,4,28,448585.7396,4638776.505,0,0.443548387,2.161290323,22.25848674,1,MP104,4
29,B217404,4,41.90004012,-87.62046419,1.214668483,25,8,24,161,125,314,420,E,S,245 - 269 E WALTON ST,245,269,245 E WALTON ST,217404,217,4,29,448534.1792,4638863.997,0,0.264,1.288,23.72110398,1,MP104,5
30,B217405,4,41.90007455,-87.61987545,1.253539519,85,26,36,444,126,641,1299,E,N,342 - 360 E WALTON ST,342,360,352 E WALTON ST,217405,217,4,30,448583.0414,4638867.466,0,0.880952381,3.523809524,25.29698755,1,MP104,12
31,B217407,4,41.90085863,-87.62313902,1.164561936,84,19,3,536,124,2635,1649,E,N,148 - 234 E LAKE SHORE DR  DR,148,234,170 E LAKE SHORE DR,217409,217,4,31,448312.9684,4638956.482,0,0.830645161,4.322580645,20.42328042,1,MP104,43
32,B217411,4,41.90091004,-87.62113206,1.19077135,14,5,8,132,122,248,478,E,S,181 - 229 E LAKE SHORE DR  DR,181,229,209 E LAKE SHORE DR,217411,217,4,32,448479.4802,4638960.983,0,0.155737705,1.081967213,24.34810919,1,MP104,8
33,B217412,4,41.8992715,-87.62072571,1.130113636,7,3,5,72,121,309,219,E,N,230 - 234 E DELAWARE PL,230,234,232 E DELAWARE PL,217412,217,4,33,448511.8693,4638778.816,0,0.082644628,0.595041322,20.18328446,1,MP104,1
34,B218401,4,41.89759448,-87.62136005,1.082885845,83,15,46,524,113,2156,1494,E,S,209 - 235 E PEARSON ST,209,235,211 E PEARSON ST,218401,218,4,34,448457.9031,4638593.001,0,0.867256637,4.637168142,20.89764204,1,MP104,12
35,B218402,4,41.89763391,-87.61886962,1.085551105,93,30,22,472,125,1198,1049,E,S,235 - 287 E PEARSON ST,235,287,245 E PEARSON ST,218402,218,4,35,448664.5179,4638595.886,0,0.984,3.776,22.60762202,1,MP104,24
36,B218404,4,41.89767634,-87.61832446,1.133007813,6,2,3,47,120,96,160,E,N,244 - 296 E PEARSON ST,244,296,266 E PEARSON ST,218404,218,4,36,448709.7732,4638600.27,0,0.066666667,0.391666667,24.07894737,1,MP104,3
37,B218407,4,41.89844298,-87.62124404,1.148148148,46,7,16,331,115,884,970,E,N,212 - 238 E CHESTNUT ST,212,238,214 E CHESTNUT ST,218407,218,4,37,448468.2084,4638687.138,0,0.460869565,2.87826087,22.15988648,1,MP104,6
38,B218408,4,41.898418,-87.620749,1.110300926,33,15,26,299,122,1302,714,E,S,223 - 231 E CHESTNUT ST,223,231,229 E CHESTNUT ST,218408,218,4,38,448509.2517,4638684.067,0,0.393442623,2.450819672,19.44074778,1,MP104,5
39,B218409,4,41.8984859,-87.61900842,1.160298206,30,14,10,253,108,307,1012,E,N,248 - 272 E CHESTNUT ST,248,272,270 E CHESTNUT ST,218410,218,4,39,448653.6868,4638690.563,0,0.407407407,2.342592593,26.27175393,1,MP104,7
40,B219401,4,41.89995776,-87.6277484,1.027973804,19,7,1,167,124,528,719,E,N,4 - 24 E WALTON ST,4,24,14 E WALTON ST,219401,219,4,40,447929.9042,4638859.248,0,0.209677419,1.346774194,23.06067896,1,MP104,10
41,B219402,4,41.90044788,-87.62737758,1.100118624,19,13,4,225,133,530,875,N,W,932 - 946 N RUSH ST,932,946,940 N RUSH ST,219402,219,4,41,447961.0608,4638913.44,0,0.240601504,1.691729323,23.66263345,1,MP104,8
42,B219403,4,41.90127987,-87.6283177,1.074874569,38,20,3,320,151,890,1236,N,E,1019 - 1027 N STATE ST,1019,1027,1023 N STATE ST,219403,219,4,42,447883.7571,4639006.384,0,0.38410596,2.119205298,23.22486013,1,MP104,4
43,B219404,4,41.90059611,-87.6288756,1.148409841,26,12,0,170,128,497,614,W,N,8 - 36 W OAK ST,8,36,14 W OAK ST,219404,219,4,43,447836.925,4638930.807,0,0.296875,1.328125,23.15175962,1,MP104,4
44,B219405,4,41.90184601,-87.629603,1.059600743,92,30,4,577,134,1313,2277,W,S,5 - 31 W MAPLE ST,5,31,29 W MAPLE ST,219405,219,4,44,447777.6079,4639070.023,0,0.910447761,4.305970149,24.3439749,1,MP104,10
45,B219406,4,41.90187927,-87.62906939,1.059009787,55,19,14,334,132,916,1400,W,N,4 - 46 W MAPLE ST,4,46,28 W MAPLE ST,219406,219,4,45,447821.8954,4639073.391,0,0.560606061,2.53030303,24.00900365,1,MP104,7
46,B219407,4,41.90277862,-87.62851149,1.004627561,45,20,1,414,133,1677,1903,N,W,1116 - 1132 N STATE ST,1116,1132,1126 N STATE ST,219407,219,4,46,447868.9021,4639172.905,0,0.488721805,3.112781955,22.23382829,1,MP104,9
47,B219408,4,41.9031684,-87.62948982,1.120165365,37,17,3,291,124,768,1409,W,N,30 - 34 W ELM ST,30,34,32 W ELM ST,219408,219,4,47,447788.073,4639216.776,0,0.435483871,2.346774194,24.36606586,1,MP104,6
48,B219409,4,41.9034893,-87.6286798,1.032721713,12,5,2,106,119,637,671,N,W,1150 - 1164 N STATE ST,1150,1164,1152 N STATE ST,219409,219,4,48,447855.5201,4639251.912,0,0.142857143,0.890756303,22.04038013,1,MP104,2
49,B219412,4,41.90317089,-87.62825802,1.103487557,25,8,4,144,124,417,534,E,S,7 - 11 E ELM ST,7,11,9 E ELM ST,219412,219,4,49,447890.2449,4639216.304,0,0.266129032,1.161290323,23.38999011,1,MP104,3
50,B219413,4,41.90283551,-87.62849204,0.999838682,28,10,0,204,138,908,1055,N,E,1125 - 1133 N STATE ST,1125,1133,1129 N STATE ST,219413,219,4,50,447870.5617,4639179.209,0,0.275362319,1.47826087,22.58939597,1,MP104,5
51,B219414,4,41.90233743,-87.62786776,1.040530602,31,12,9,167,133,596,673,E,S,9 - 13 E CEDAR ST,9,13,11 E CEDAR ST,219414,219,4,51,447921.9372,4639123.53,0,0.323308271,1.255639098,23.39235347,1,MP104,3
52,B219415,4,41.90068695,-87.62796097,1.074090121,16,4,0,135,129,366,788,E,S,3 - 25 E OAK ST,3,25,3 E OAK ST,219415,219,4,52,447912.8646,4638940.337,0,0.15503876,1.046511628,24.61792973,1,MP104,3
53,B219416,4,41.90024375,-87.62828819,0.770501894,7,1,0,42,138,182,170,N,E,935 - 937 N STATE ST,935,937,935 N STATE ST,219416,219,4,53,447885.3623,4638891.328,0,0.057971014,0.304347826,22.24431818,1,MP104,2
54,B219418,4,41.89979656,-87.62706377,1.014444444,8,5,0,125,129,513,477,N,W,910 - 926 N RUSH ST,910,926,918 N RUSH ST,219418,219,4,54,447986.5619,4638840.935,0,0.100775194,0.968992248,20.89549703,1,MP104,4
55,B220403,4,41.90020831,-87.62832575,1.043132221,19,8,0,119,127,297,482,N,W,934 - 958 N STATE ST,934,958,938 N STATE ST,220403,220,4,55,447882.218,4638887.416,0,0.212598425,0.937007874,24.2296083,1,MP104,6
56,B220405,4,41.89912426,-87.62751505,1.122566199,17,0,3,105,118,437,419,E,S,19 - 29 E DELAWARE PL,19,29,23 E DELAWARE PL,220405,220,4,56,447948.5831,4638766.565,0,0.144067797,0.889830508,21.7399979,1,MP104,4
57,B220406,4,41.8996049,-87.62827009,1.066963623,5,4,0,72,124,161,288,N,E,905 - 921 N STATE ST,905,921,915 N STATE ST,220406,220,4,57,447886.3443,4638820.387,0,0.072580645,0.580645161,23.83699889,1,MP104,5
58,B220408,4,41.89910031,-87.62928665,1.080299353,8,2,5,46,122,244,168,W,S,23 - 35 W DELAWARE PL,23,35,33 W DELAWARE PL,220408,220,4,58,447801.6115,4638764.982,0,0.081967213,0.37704918,21.35659932,1,MP104,2
59,B220409,4,41.89915221,-87.62767665,1.117654884,7,3,6,98,117,469,408,E,N,8 - 24 E DELAWARE PL,8,24,24 E DELAWARE PL,220409,220,4,59,447935.2013,4638769.766,0,0.085470085,0.837606838,20.5777271,1,MP104,3
60,B221401,4,41.89997224,-87.6265575,1.040480769,74,19,5,561,119,2316,1844,E,N,38 - 114 E WALTON ST,38,114,44 E WALTON ST,221401,221,4,60,448028.6984,4638860.133,0,0.781512605,4.714285714,21.10676823,1,MP104,20
61,B221403,4,41.90072238,-87.62661114,1.052508298,72,24,4,537,123,1340,2175,E,S,31 - 123 E OAK ST,31,123,45 E OAK ST,221403,221,4,61,448024.8574,4638943.452,0,0.780487805,4.365853659,23.90361024,1,MP104,24
62,B221405,4,41.90075233,-87.62673385,1.009291737,49,17,5,492,124,1260,1705,E,N,24 - 114 E OAK ST,24,114,44 E OAK ST,221406,221,4,62,448014.7033,4638946.852,0,0.532258065,3.967741935,22.77282583,1,MP104,20
63,B222403,4,41.89734143,-87.62820236,0.728298937,6,3,0,44,107,362,171,N,E,809 - 819 N STATE ST,809,819,819 N STATE ST,222403,222,4,63,447890.1222,4638569.039,0,0.08411215,0.411214953,21.73178889,1,MP104,3
64,B222404,4,41.89751961,-87.62760624,0.98994959,8,2,1,64,107,329,200,E,S,7 - 19 E PEARSON ST,7,19,11 E PEARSON ST,222404,222,4,64,447939.7157,4638588.46,0,0.093457944,0.598130841,19.7826087,1,MP104,4
65,B222405,4,41.89754906,-87.62743458,1.033534357,14,2,1,113,107,470,442,E,N,8 - 28 E PEARSON ST,8,28,22 E PEARSON ST,222405,222,4,65,447953.979,4638591.625,0,0.14953271,1.056074766,21.50520532,1,MP104,8
66,B222406,4,41.89785901,-87.62821779,0.976338798,12,5,0,81,100,242,368,N,E,835 - 841 N STATE ST,835,841,839 N STATE ST,222406,222,4,66,447889.263,4638626.514,0,0.17,0.81,23.91331687,1,MP104,5
67,B222407,4,41.89833068,-87.62790799,0.998876404,6,2,1,76,99,501,300,E,N,4 - 10 E CHESTNUT ST,4,10,8 E CHESTNUT ST,222407,222,4,67,447915.3444,4638678.694,0,0.080808081,0.767676768,18.9623265,1,MP104,3
68,B222408,4,41.89830822,-87.62754187,1.069619534,19,11,3,154,107,651,523,E,S,7 - 25 E CHESTNUT ST,7,25,15 E CHESTNUT ST,222408,222,4,68,447945.6957,4638675.978,0,0.280373832,1.439252336,21.28620102,1,MP104,5
69,B222409,4,41.89891364,-87.6282835,0.934050773,9,6,3,103,95,699,509,N,W,864 - 876 N STATE ST,864,876,874 N STATE ST,222409,222,4,69,447884.6699,4638743.647,0,0.157894737,1.084210526,20.39979681,1,MP104,6
70,B222411,4,41.89798347,-87.62885301,1.158851133,28,7,6,142,101,347,683,W,S,7 - 21 W CHESTNUT ST,7,21,17 W CHESTNUT ST,222411,222,4,70,447836.6725,4638640.718,0,0.346534653,1.405940594,25.07617625,1,MP104,5
71,B222412,4,41.89776967,-87.62825601,0.851601164,4,0,0,35,98,109,120,N,W,828 - 832 N STATE ST,828,832,830 N STATE ST,222412,222,4,71,447886.02,4638616.618,0,0.040816327,0.357142857,21.89066796,1,MP104,3
72,B222413,4,41.89751113,-87.62875423,0.897521097,15,1,0,104,105,356,276,W,S,9 - 17 W PEARSON ST,9,17,13 W PEARSON ST,222413,222,4,72,447844.482,4638588.215,0,0.152380952,0.99047619,21.20339865,1,MP104,8
73,B222415,4,41.8966736,-87.63016641,1.056504065,0,0,0,10,10,48,34,W,N,50 - 64 W CHICAGO AVE,50,64,54 W CHICAGO AVE,222415,222,4,73,447726.6574,4638496.086,0,0,1,18.29268293,1,MP104,9
74,B222419,4,41.89662069,-87.63203256,0.986139456,1,0,0,9,14,98,98,W,S,131 - 145 W CHICAGO AVE,131,145,137 W CHICAGO AVE,222419,222,4,74,447571.8132,4638491.35,0,0.071428571,0.642857143,21.25,1,MP104,1
75,B222420,4,41.8986007,-87.62823455,0.903611971,9,2,0,48,95,379,267,N,E,853 - 855 N STATE ST,853,855,855 N STATE ST,222420,222,4,75,447888.4758,4638708.872,0,0.115789474,0.505263158,21.26790986,1,MP104,2
76,B223401,4,41.89801075,-87.6268968,1.039540111,17,4,2,136,101,434,530,N,W,836 - 848 N WABASH AVE,836,848,842 N WABASH AVE,223401,223,4,76,447998.9629,4638642.559,0,0.207920792,1.346534653,22.48472572,1,MP104,7
77,B223403,4,41.89751998,-87.62655467,0.956142365,9,5,4,109,104,525,346,E,S,41 - 51 E PEARSON ST,41,51,45 E PEARSON ST,223403,223,4,77,448026.9447,4638587.863,0,0.134615385,1.048076923,20.16556892,1,MP104,6
78,B223405,4,41.89752351,-87.62556833,0.978690127,11,4,3,121,105,1195,510,E,S,103 - 111 E PEARSON ST,103,111,107 E PEARSON ST,223405,223,4,78,448108.7654,4638587.658,0,0.142857143,1.152380952,17.98491831,1,MP104,5
79,B223406,4,41.89834565,-87.62585543,1.156660089,40,13,4,252,103,1204,823,E,S,67 - 99 E CHESTNUT ST,67,99,75 E CHESTNUT ST,223406,223,4,79,448085.6161,4638679.112,0,0.514563107,2.446601942,20.90630471,1,MP104,8
80,B223407,4,41.89871599,-87.62691423,1.107342736,23,5,8,151,93,748,741,N,E,861 - 875 N WABASH AVE,861,875,869 N WABASH AVE,223407,223,4,80,447998.0892,4638720.871,0,0.301075269,1.623655914,22.08417282,1,MP104,10
81,B223408,4,41.89783755,-87.62610555,1.063714405,12,5,1,76,98,471,325,N,E,837 - 849 N RUSH ST,837,849,845 N RUSH ST,223408,223,4,81,448064.457,4638622.85,0,0.173469388,0.775510204,21.03984207,1,MP104,3
82,B223409,4,41.89755256,-87.62550741,0.983904195,11,9,2,130,107,827,516,E,N,102 - 110 E PEARSON ST,102,110,106 E PEARSON ST,223409,223,4,82,448113.8423,4638590.847,0,0.186915888,1.214953271,19.73690742,1,MP104,5
83,B223411,4,41.89692666,-87.62684181,0.838416478,16,10,0,108,101,477,405,N,E,803 - 821 N WABASH AVE,803,821,811 N WABASH AVE,223411,223,4,83,448002.6449,4638522.162,0,0.257425743,1.069306931,22.45372568,1,MP104,7
84,B224401,4,41.89671553,-87.62615584,0.965454856,2,1,0,13,3,993,960,E,N,46 - 62 E CHICAGO AVE,46,62,52 E CHICAGO AVE,224401,224,4,84,448059.3762,4638498.305,0,1,4.333333333,22.60438486,1,MP104,11
85,B224402,4,41.89668246,-87.62638834,0.930736278,1,1,0,13,3,562,683,E,S,35 - 49 E CHICAGO AVE,35,49,45 E CHICAGO AVE,224402,224,4,85,448040.0631,4638494.775,0,0.666666667,4.333333333,22.77751004,1,MP104,10
86,B224403,4,41.89597582,-87.62551144,1.04985081,13,0,6,119,95,1056,508,N,W,736 - 744 N RUSH ST,736,744,740 N RUSH ST,224403,224,4,86,448112.2317,4638415.787,0,0.136842105,1.252631579,18.2516624,1,MP104,4
87,B224404,4,41.89670754,-87.62709528,0.607410714,1,0,0,7,3,366,194,E,N,20 - 28 E CHICAGO AVE,20,28,24 E CHICAGO AVE,224404,224,4,87,447981.4413,4638497.988,0,0.333333333,2.333333333,20.19642857,1,MP104,5
88,B225401,4,41.89533443,-87.62684382,1.199988044,21,6,2,154,97,599,795,N,W,706 - 718 N WABASH AVE,706,718,712 N WABASH AVE,225401,225,4,88,448001.1866,4638345.382,0,0.278350515,1.587628866,23.02866431,1,MP104,7
89,B225402,4,41.89572975,-87.6262182,1.100400366,22,8,7,131,98,864,593,E,N,44 - 62 E SUPERIOR ST,44,62,56 E SUPERIOR ST,225402,225,4,89,448053.4045,4638388.894,0,0.306122449,1.336734694,21.15526447,1,MP104,5
90,B225403,4,41.89492015,-87.62644082,1.125166863,21,9,6,174,100,1022,676,E,N,48 - 64 E HURON ST,48,64,56 E HURON ST,225403,225,4,90,448034.2811,4638299.141,0,0.3,1.74,20.45286544,1,MP104,8
91,B225404,4,41.89570145,-87.62616468,1.126168028,11,12,4,166,99,921,670,E,S,43 - 53 E SUPERIOR ST,43,53,49 E SUPERIOR ST,225404,225,4,91,448057.8212,4638385.72,0,0.232323232,1.676767677,20.18585504,1,MP104,6
92,B225405,4,41.8948917,-87.62633622,1.200550239,29,12,4,240,97,1240,850,E,S,49 - 65 E HURON ST,49,65,59 E HURON ST,225405,225,4,92,448042.9351,4638295.919,0,0.422680412,2.474226804,20.32544506,1,MP104,9
93,B226401,4,41.894131,-87.62327246,1.049563344,96,26,13,701,165,2035,904,E,S,135 - 169 E ERIE ST,135,169,157 E ERIE ST,226401,226,4,93,448296.4736,4638209.61,0,0.739393939,4.248484848,18.85061207,1,MP104,8
94,B226403,4,41.89390489,-87.62679487,1.106549972,31,12,5,322,147,820,951,N,W,630 - 656 N WABASH AVE,630,656,630 N WABASH AVE,226403,226,4,94,448004.0877,4638186.634,0,0.292517007,2.19047619,22.11752592,1,MP104,6
95,B226404,4,41.89415896,-87.62337841,0.998708615,64,14,16,404,163,1514,409,E,N,156 - 168 E ERIE ST,156,168,164 E ERIE ST,226404,226,4,95,448287.7071,4638212.778,0,0.478527607,2.478527607,17.85554707,1,MP104,4
96,B226405,4,41.8943097,-87.62546651,1.196742944,63,20,22,519,155,1278,907,N,W,660 - 668 N RUSH ST,660,668,664 N RUSH ST,226405,226,4,96,448114.6102,4638230.775,0,0.535483871,3.348387097,20.37227072,1,MP104,6
97,B226406,4,41.89437808,-87.62677141,1.146650906,27,12,7,295,145,542,727,N,E,663 - 671 N WABASH AVE,663,671,663 N WABASH AVE,226406,226,4,97,448006.4176,4638239.157,0,0.268965517,2.034482759,22.69170826,1,MP104,6
98,B226407,4,41.89411453,-87.62613572,1.156933594,33,8,11,271,152,538,486,E,N,44 - 64 E ERIE ST,44,64,62 E ERIE ST,226407,226,4,98,448058.9377,4638209.511,0,0.269736842,1.782894737,21.27243673,1,MP104,4
99,B227401,4,41.89259661,-87.62147069,1.08332046,36,11,2,249,56,1560,2324,E,N,204 - 252 E OHIO ST,204,252,230 E OHIO ST,227401,227,4,99,448444.7061,4638038.166,0,0.839285714,4.446428571,23.64503948,1,MP104,15
100,B228401,4,41.89255069,-87.62364462,1.118746389,19,11,2,185,122,668,486,E,N,142 - 146 E OHIO ST,142,146,144 E OHIO ST,228401,228,4,100,448264.3257,4638034.376,0,0.245901639,1.516393443,20.43047054,1,MP104,3
101,B228402,4,41.89252473,-87.62352929,1.070043692,73,27,3,692,140,2058,1604,E,S,141 - 157 E OHIO ST,141,157,149 E OHIO ST,228402,228,4,101,448273.8722,4638031.424,0,0.714285714,4.942857143,20.47101043,1,MP104,9
102,B228403,4,41.89179845,-87.62165911,1.156122746,45,26,5,352,126,280,866,E,N,208 - 248 E GRAND AVE,208,248,240 E GRAND AVE,228403,228,4,102,448428.4332,4637949.662,0,0.563492063,2.793650794,26.16478925,1,MP104,7
103,B228405,4,41.89177549,-87.62129031,1.10320586,54,15,5,347,121,772,980,E,S,213 - 245 E GRAND AVE,213,245,243 E GRAND AVE,228405,228,4,103,448459.0098,4637946.891,0,0.570247934,2.867768595,23.20742123,1,MP104,8
104,B228408,4,41.89256017,-87.62181871,1.100118332,132,52,13,1103,132,2878,2615,E,S,205 - 237 E OHIO ST,205,237,233 E OHIO ST,228409,228,4,104,448415.8059,4638034.329,0,1.393939394,8.356060606,21.4133556,1,MP104,19
105,B229401,4,41.89044021,-87.62535989,1.066073171,13,7,4,97,51,1072,978,N,W,430 - 440 N RUSH ST,430,440,436 N RUSH ST,229401,229,4,105,448120.3237,4637801.091,0,0.392156863,1.901960784,21.91840355,1,MP104,6
106,B229402,4,41.89010327,-87.6259996,1.130576779,27,9,2,254,53,2399,2051,E,N,52 - 66 E HUBBARD ST,52,66,58 E HUBBARD ST,229402,229,4,106,448066.9803,4637764.068,0,0.679245283,4.79245283,20.80227471,1,MP104,12
107,B229403,4,41.89007082,-87.62606531,1.141917503,16,9,4,128,51,1289,1103,E,S,47 - 61 E HUBBARD ST,47,61,51 E HUBBARD ST,229403,229,4,107,448061.5027,4637760.505,0,0.490196078,2.509803922,21.58591504,1,MP104,6
108,B229404,4,41.89012074,-87.6251138,1.092008706,18,5,4,111,52,1272,872,E,N,64 - 82 E HUBBARD ST,64,82,74 E HUBBARD ST,229404,229,4,108,448140.4809,4637765.472,0,0.442307692,2.134615385,20.836412,1,MP104,8
109,B230402,4,41.88974786,-87.6310958,1.087665113,12,1,0,81,75,420,438,N,W,414 - 418 N CLARK ST,414,418,414 N CLARK ST,230402,230,4,109,447643.9067,4637727.705,0,0.173333333,1.08,21.97746698,1,MP104,2
110,B230404,4,41.88927863,-87.62747884,1.116791905,16,6,3,176,53,1605,1722,E,N,2 - 20 E KINZIE ST,2,20,12 E KINZIE ST,230404,230,4,110,447943.5923,4637673.407,0,0.41509434,3.320754717,21.6783138,1,MP104,8
111,B230405,4,41.88924917,-87.6275526,1.11809325,23,6,2,179,51,1691,1662,E,S,3 - 19 E KINZIE ST,3,19,9 E KINZIE ST,230405,230,4,111,447937.4491,4637670.181,0,0.568627451,3.509803922,21.68628727,1,MP104,8
112,B230407,4,41.88865714,-87.63108037,0.995371703,12,3,2,75,91,311,384,N,W,340 - 344 N CLARK ST,340,344,342 N CLARK ST,230407,230,4,112,447644.2962,4637606.595,0,0.164835165,0.824175824,23.14793165,1,MP104,2
113,B230409,4,41.88978529,-87.63105489,1.09462495,48,14,4,414,98,1391,1933,N,E,403 - 415 N CLARK,403,415,411 N CLARK ST,230409,230,4,113,447647.3312,4637731.836,0,0.632653061,4.224489796,22.98540875,1,MP104,7
114,B230410,4,41.88876247,-87.63104282,1.055376003,26,13,10,254,97,750,828,N,E,337 - 349 N CLARK ST,337,349,339 N CLARK ST,230410,230,4,114,447647.4974,4637618.267,0,0.402061856,2.618556701,22.12027216,1,MP104,5
115,B230411,4,41.88836262,-87.62955889,1.101395651,16,5,26,140,83,518,509,N,W,336 - 356 N DEARBORN ST,336,356,338 N DEARBORN ST,230411,230,4,115,447770.2819,4637572.968,0,0.253012048,1.686746988,21.94929219,1,MP104,3
116,B231401,4,41.89006483,-87.62750499,1.115256354,8,2,1,95,45,1029,1240,E,S,11 - 27 E HUBBARD ST,11,27,13 E HUBBARD ST,231401,231,4,116,447942.0612,4637760.712,0,0.222222222,2.111111111,21.93771118,1,MP104,5
117,B231406,4,41.89085503,-87.63073169,0.760727191,12,4,0,187,85,893,583,W,N,60 - 66 W ILLINOIS,60,66,66 W ILLINOIS ST,231406,231,4,117,447675.0172,4637850.409,0,0.188235294,2.2,19.01882921,1,MP104,5
118,B231407,4,41.89087649,-87.62899362,1.062223402,26,5,1,171,50,1655,2111,W,N,8 - 32 W ILLINOIS ST,8,32,22 W ILLINOIS ST,231407,231,4,118,447819.2242,4637851.733,0,0.62,3.42,22.9244448,1,MP104,10
119,B231410,4,41.89035935,-87.631073,0.945248756,7,5,7,95,82,364,306,N,E,431 - 443 N CLARK ST,431,443,435 N CLARK ST,231410,231,4,119,447646.2976,4637795.583,0,0.146341463,1.158536585,20.80597015,1,MP104,3
120,B231411,4,41.89124288,-87.62966618,0.883116883,19,6,2,200,89,709,677,N,W,502 - 512 N DEARBORN ST,502,512,508 N DEARBORN ST,231411,231,4,120,447763.7275,4637892.822,0,0.280898876,2.247191011,21.166781,1,MP104,5
121,B231412,4,41.89085503,-87.62852624,1.093254416,2,1,0,35,46,452,435,W,S,3 - 11 W ILLINOIS ST,3,11,15 W ILLINOIS ST,231412,231,4,121,447857.9804,4637849.066,0,0.065217391,0.760869565,20.7638106,1,MP104,2
122,B231413,4,41.89070727,-87.62805417,1.08747162,18,7,0,167,83,729,886,N,W,442 - 446 N STATE ST,442,446,444 N STATE ST,231413,231,4,122,447897.023,4637832.374,0,0.301204819,2.012048193,22.42824328,1,MP104,4
123,B231414,4,41.89058148,-87.62801193,1.083444845,15,12,1,184,85,924,1019,N,E,435 - 451 N STATE ST,435,451,443 N STATE ST,231414,231,4,123,447900.425,4637818.382,0,0.317647059,2.164705882,22.03591515,1,MP104,5
124,B231415,4,41.89008929,-87.62772493,1.118243004,2,3,0,40,48,454,487,E,N,6 - 8 E HUBBARD ST,6,8,6 E HUBBARD ST,231415,231,4,124,447923.8347,4637763.562,0,0.104166667,0.833333333,21.62033671,1,MP104,2
125,B231416,4,41.89049313,-87.63111055,0.870725389,0,2,2,38,66,207,179,N,W,442 - 442 N CLARK ST,442,442,442 N CLARK ST,231416,231,4,125,447643.2917,4637810.459,0,0.03030303,0.575757576,19.92463495,1,MP104,1
126,B232401,4,41.89249079,-87.62858525,1.060158066,9,2,0,93,57,992,1159,W,N,6 - 32 W OHIO ST,6,32,20 W OHIO ST,232401,232,4,126,447854.4154,4638030.717,0,0.192982456,1.631578947,21.99879014,1,MP104,11
127,B232402,4,41.8924823,-87.63036959,1.116274729,16,6,3,118,55,1041,745,W,N,52 - 70 W OHIO ST,52,70,58 W OHIO ST,232402,232,4,127,447706.3842,4638030.86,0,0.4,2.145454545,20.83258135,1,MP104,11
128,B232403,4,41.89275385,-87.62967154,1.103477011,8,3,1,61,49,583,577,N,E,603 - 611 N DEARBORN ST,603,611,607 N DEARBORN ST,232403,232,4,128,447764.5139,4638060.584,0,0.224489796,1.244897959,21.88808227,1,MP104,5
129,B232404,4,41.89245086,-87.62911968,1.093679245,36,12,0,181,55,928,1722,W,S,5 - 29 W OHIO ST,5,29,29 W OHIO ST,232404,232,4,129,447810.048,4638026.608,0,0.872727273,3.290909091,24.90634648,1,MP104,11
130,B232405,4,41.89189829,-87.62968361,1.108853721,6,3,1,49,52,535,634,N,W,540 - 550 N DEARBORN ST,540,550,546 N DEARBORN ST,232405,232,4,130,447762.8155,4637965.601,0,0.173076923,0.942307692,22.67750214,1,MP104,4
131,B232406,4,41.89165619,-87.63017178,1.056823572,20,5,2,148,54,745,1082,W,N,50 - 70 W GRAND AVE,50,70,64 W GRAND AVE,232406,232,4,131,447722.1204,4637939.018,0,0.462962963,2.740740741,23.332774,1,MP104,8
132,B232407,4,41.89110311,-87.62962393,1.017387859,15,6,0,160,60,895,1208,N,E,505 - 509 N DEARBORN ST,505,509,507 N DEARBORN ST,232407,232,4,132,447767.1186,4637877.278,0,0.35,2.666666667,22.65661567,1,MP104,7
133,B232408,4,41.89164222,-87.6291579,1.067942346,41,20,6,288,64,1995,2029,W,S,15 - 41 W GRAND AVE,15,41,23 W GRAND AVE,232408,232,4,133,447806.219,4637936.85,0,0.953125,4.5,22.36693049,1,MP104,12
134,B232410,4,41.89162075,-87.63063245,1.063883792,1,1,0,27,50,268,277,W,S,67 - 67 W GRAND,67,67,67 W GRAND AVE,232410,232,4,134,447683.875,4637935.364,0,0.04,0.54,21.02034304,1,MP104,1
135,B232411,4,41.89166568,-87.62727901,1.063662827,13,9,1,144,50,1497,1194,E,S,5 - 27 E GRAND AVE,5,27,11 E GRAND AVE,232411,232,4,135,447962.108,4637938.314,0,0.44,2.88,20.66067752,1,MP104,6
136,B232412,4,41.89123689,-87.62807362,1.064741036,3,3,0,52,48,618,637,N,W,502 - 512 N STATE ST,502,512,508 N STATE ST,232412,232,4,136,447895.8399,4637891.188,0,0.125,1.083333333,21.28777199,1,MP104,3
137,B233401,4,41.89403766,-87.63031594,1.090736285,22,5,0,134,75,964,1114,W,S,45 - 75 W ERIE ST,45,75,51 W ERIE ST,233401,233,4,137,447712.1035,4638203.515,0,0.36,1.786666667,22.67895813,1,MP104,12
138,B233402,4,41.893866,-87.62975201,1.209489796,1,4,0,32,68,251,239,N,W,642 - 650 N DEARBORN ST,642,650,648 N DEARBORN ST,233402,233,4,138,447758.7447,4638184.112,0,0.073529412,0.470588235,21.52146376,1,MP104,2
139,B233403,4,41.89406748,-87.63036067,1.113982823,10,2,0,58,75,285,336,W,N,52 - 58 W ERIE ST,52,58,56 W ERIE ST,233403,233,4,139,447708.4172,4638206.853,0,0.16,0.773333333,22.86097692,1,MP104,3
140,B234401,4,41.89405364,-87.62898557,1.119290123,18,8,1,134,77,878,1174,W,S,11 - 33 W ERIE ST,11,33,21 W ERIE ST,234401,234,4,140,447822.4779,4638204.479,0,0.337662338,1.74025974,23.2513986,1,MP104,7
141,B234402,4,41.89435063,-87.62812257,1.038025689,13,5,2,119,80,732,877,N,E,649 - 655 N STATE ST,649,655,651 N STATE ST,234402,234,4,141,447894.3098,4638236.929,0,0.225,1.4875,22.32534385,1,MP104,4
142,B234403,4,41.89407859,-87.62660511,1.076569724,29,9,4,168,83,1006,1229,E,S,3 - 43 E ERIE ST,3,43,5 E ERIE ST,234403,234,4,142,448019.9702,4638205.805,0,0.457831325,2.024096386,23.1906155,1,MP104,8
143,B234404,4,41.89410904,-87.62661248,1.083982301,14,4,0,66,81,571,559,E,N,12 - 42 E ERIE ST,12,42,40 E ERIE ST,234404,234,4,143,448019.3835,4638209.19,0,0.222222222,0.814814815,22.82786183,1,MP104,3
144,B234405,4,41.89489369,-87.62861744,0.976385063,9,7,1,91,71,500,589,W,N,6 - 30 W HURON ST,6,30,24 W HURON ST,234405,234,4,144,447853.6996,4638297.524,0,0.225352113,1.281690141,22.72536463,1,MP104,11
145,B234407,4,41.89408309,-87.62895137,1.087561687,12,1,1,75,71,653,833,W,N,2 - 24 W ERIE ST,2,24,22 W ERIE ST,234407,234,4,145,447825.339,4638207.728,0,0.183098592,1.056338028,22.9165746,1,MP104,9
146,B234408,4,41.89454879,-87.62816682,1.118502554,10,4,0,75,76,453,591,N,W,660 - 678 N STATE ST,660,678,676 N STATE ST,234408,234,4,146,447890.8001,4638258.957,0,0.184210526,0.986842105,23.03302574,1,MP104,4
147,B234410,4,41.89441552,-87.62971848,1.115262681,2,0,0,44,82,144,224,N,E,659 - 667 N DEARBORN ST,659,667,663 N DEARBORN ST,234410,234,4,147,447761.974,4638245.104,0,0.024390244,0.536585366,22.59694477,1,MP104,3
148,B234411,4,41.89387794,-87.62971111,1.122699653,7,6,2,78,69,589,563,N,E,645 - 655 N DEARBORN ST,645,655,651 N DEARBORN ST,234411,234,4,148,447762.1473,4638185.413,0,0.188405797,1.130434783,21.6206115,1,MP104,5
149,B234412,4,41.89439954,-87.62976006,1.190762546,21,5,1,105,80,468,721,N,W,662 - 678 N DEARBORN ST,662,678,666 N DEARBORN ST,234412,234,4,149,447758.5117,4638243.355,0,0.325,1.3125,24.19527487,1,MP104,8
150,B234414,4,41.89484678,-87.63044804,1.222169811,11,6,0,62,76,304,544,W,S,39 - 53 W HURON ST,39,53,51 W HURON ST,234414,234,4,150,447701.8052,4638293.43,0,0.223684211,0.815789474,24.96855346,1,MP104,4
151,B235403,4,41.8956983,-87.62848198,1.140936639,2,4,0,69,86,269,336,W,N,2 - 14 W SUPERIOR ST,2,14,6 W SUPERIOR ST,235403,235,4,151,447865.591,4638386.776,0,0.069767442,0.802325581,21.92828989,1,MP104,6
152,B235404,4,41.89565987,-87.62871601,1.180504305,32,10,11,218,88,407,1219,W,S,3 - 25 W SUPERIOR ST,3,25,15 W SUPERIOR ST,235404,235,4,152,447846.1462,4638382.651,0,0.477272727,2.477272727,26.0832712,1,MP104,12
153,B235406,4,41.89490567,-87.62760155,1.166157294,7,2,4,79,82,381,437,E,N,18 - 28 E HURON ST,18,28,24 E HURON ST,235406,235,4,153,447937.9818,4638298.237,0,0.109756098,0.963414634,21.93591942,1,MP104,5
154,B235407,4,41.89487373,-87.62774706,1.083796296,3,0,3,55,82,116,172,E,S,3 - 13 E HURON ST,3,13,7 E HURON ST,235407,235,4,154,447925.8852,4638294.779,0,0.036585366,0.670731707,22.75,1,MP104,3
155,B235408,4,41.89606067,-87.62974262,1.204359345,11,3,18,77,72,318,374,N,E,733 - 745 N DEARBORN ST,733,745,739 N DEARBORN ST,235408,235,4,155,447761.3121,4638427.776,0,0.194444444,1.069444444,23.38265896,1,MP104,8
156,B235409,4,41.89623786,-87.62979023,1.179499728,7,1,2,43,69,298,315,N,W,732 - 752 N DEARBORN ST,732,752,750 N DEARBORN ST,235409,235,4,156,447757.5071,4638447.478,0,0.115942029,0.623188406,22.49965043,1,MP104,5
157,B235416,4,41.89568383,-87.62764648,1.125793651,2,0,2,53,90,171,249,E,S,9 - 13 E SUPERIOR ST,9,13,9 E SUPERIOR ST,235416,235,4,157,447934.8867,4638384.662,0,0.022222222,0.588888889,22.22727273,1,MP104,4
158,B235419,4,41.89571477,-87.62744665,1.075277541,17,5,6,152,96,471,700,E,N,8 - 30 E SUPERIOR ST,8,30,20 E SUPERIOR ST,235419,235,4,158,447951.4884,4638387.976,0,0.229166667,1.583333333,23.31695461,1,MP104,9
159,B236402,4,41.89576319,-87.63279967,1.006180733,6,1,0,47,68,527,646,N,W,730 - 738 N LA SALLE ST,730,738,734 N LASALLE ST,236402,236,4,159,447507.4776,4638396.613,0,0.102941176,0.691176471,22.47724975,1,MP104,6
160,B236403,4,41.89614403,-87.63261594,1.14488919,5,3,0,55,63,708,766,N,E,733 - 745 N LA SALLE ST,733,745,743 N LASALLE ST,236403,236,4,160,447523.0304,4638438.784,0,0.126984127,0.873015873,21.87141217,1,MP104,7
161,B236405,4,41.89614453,-87.63124466,1.060313199,8,2,0,69,70,595,895,N,W,728 - 744 N CLARK ST,728,744,732 N CLARK ST,236405,236,4,161,447636.7822,4638438.002,0,0.142857143,0.985714286,23.2613255,1,MP104,5
162,B236406,4,41.895296,-87.63117224,1.136181613,4,2,0,40,67,557,625,N,E,711 - 721 N CLARK ST,711,721,717 N CLARK ST,236406,236,4,162,447642.0965,4638343.748,0,0.089552239,0.597014925,22.10362647,1,MP104,5
163,B236409,4,41.89562543,-87.63185754,1.155842741,23,11,0,132,70,1748,1618,W,S,101 - 139 W SUPERIOR ST,101,139,101 W SUPERIOR ST,236410,236,4,163,447585.5176,4638380.742,0,0.485714286,1.885714286,22.39434643,1,MP104,13
164,B236411,4,41.89542577,-87.63121784,1.144622965,1,2,0,31,68,426,352,N,W,718 - 722 N CLARK ST,718,722,718 N CLARK ST,236411,236,4,164,447638.4198,4638358.183,0,0.044117647,0.455882353,20.22218142,1,MP104,2
165,B236413,4,41.89481982,-87.63361037,1.148256023,11,9,0,86,65,739,1115,W,N,150 - 168 W HURON ST,150,168,156 W HURON ST,236413,236,4,165,447439.4539,4638292.369,0,0.307692308,1.323076923,23.9261314,1,MP104,9
166,B236415,4,41.89535939,-87.6325918,1.163196767,5,3,0,26,62,580,616,N,E,725 - 727 N LA SALLE ST,725,727,725 N LASALLE ST,236415,236,4,166,447524.3905,4638351.653,0,0.129032258,0.419354839,23.28531001,1,MP104,3
167,B236416,4,41.89615651,-87.63120577,1.078946677,7,3,0,50,67,603,666,N,E,737 - 747 N CLARK ST,737,747,743 N CLARK ST,236416,236,4,167,447640.018,4638439.308,0,0.149253731,0.746268657,22.47635934,1,MP104,6
168,B236417,4,41.89480784,-87.6323618,1.122454844,3,3,0,51,62,358,454,W,S,137 - 147 W HURON ST,137,147,145 W HURON ST,236417,236,4,168,447543.0185,4638290.275,0,0.096774194,0.822580645,22.35796388,1,MP104,4
169,B237401,4,41.89402069,-87.63352253,1.031807512,8,3,1,41,59,644,634,W,N,156 - 170 W ERIE ST,156,170,156 W ERIE ST,237401,237,4,169,447446.0855,4638203.59,0,0.186440678,0.694915254,22.69327074,1,MP104,3
170,B237402,4,41.89421736,-87.63276413,1.117865707,1,2,0,25,60,212,205,N,W,664 - 668 N LA SALLE ST,664,668,668 N LASALLE ST,237402,237,4,170,447509.16,4638224.962,0,0.05,0.416666667,21.21866143,1,MP104,4
171,B237403,4,41.89404615,-87.63204128,1.034868583,1,1,0,34,60,793,564,W,N,120 - 134 W ERIE ST,120,134,132 W ERIE ST,237403,237,4,171,447568.9841,4638205.51,0,0.033333333,0.566666667,19.1184916,1,MP104,5
172,B237404,4,41.8940142,-87.63211705,1.051928006,15,5,1,79,65,1601,1390,W,S,101 - 125 W ERIE ST,101,125,113 W ERIE ST,237404,237,4,172,447562.6724,4638202.009,0,0.307692308,1.215384615,22.22755023,1,MP104,10
173,B237406,4,41.89434564,-87.63116688,1.085463378,5,3,0,41,64,551,787,N,E,661 - 667 N CLARK ST,661,667,665 N CLARK ST,237406,237,4,173,447641.7649,4638238.228,0,0.125,0.640625,23.54462085,1,MP104,5
174,B237407,4,41.89389291,-87.63116486,0.886805556,4,2,0,41,65,814,602,N,E,641 - 647 N CLARK ST,641,647,643 N CLARK ST,237407,237,4,174,447641.5627,4638187.961,0,0.092307692,0.630769231,20.3181683,1,MP104,3
175,B237410,4,41.89353303,-87.63274871,1.016105919,2,3,0,20,66,263,272,N,W,636 - 644 N LA SALLE ST,636,644,640 N LASALLE ST,237410,237,4,175,447509.8788,4638148.973,0,0.075757576,0.303030303,23.05992303,1,MP104,3
176,B237411,4,41.89446144,-87.632569,1.03659833,1,1,0,36,65,334,544,N,E,665 - 677 N LA SALLE ST,665,677,669 N LASALLE ST,237411,237,4,176,447525.5468,4638251.942,0,0.030769231,0.553846154,22.91650302,1,MP104,4
177,B238401,4,41.89196767,-87.63109848,1.194787042,20,11,9,192,76,966,1061,N,E,535 - 545 N CLARK ST,535,545,539 N CLARK ST,238401,238,4,177,447645.4971,4637974.166,0,0.407894737,2.526315789,22.23796118,1,MP104,6
178,B238402,4,41.89209196,-87.63114139,1.20927242,5,6,4,89,69,519,466,N,W,538 - 544 N CLARK ST,538,544,540 N CLARK ST,238402,238,4,178,447642.0389,4637987.992,0,0.15942029,1.289855072,20.94806716,1,MP104,4
179,B238403,4,41.89163822,-87.6318039,1.05259506,17,6,1,131,81,599,602,W,N,104 - 118 W GRAND AVE,104,118,112 W GRAND AVE,238403,238,4,179,447586.7075,4637938.019,0,0.283950617,1.617283951,22.01998335,1,MP104,5
180,B238404,4,41.89162425,-87.63361976,1.076411579,14,7,1,101,74,476,687,W,N,158 - 166 W GRAND AVE,158,166,164 W GRAND AVE,238404,238,4,180,447436.0549,4637937.579,0,0.283783784,1.364864865,23.745737,1,MP104,5
181,B238406,4,41.89022357,-87.63266288,1.142988297,24,21,0,199,90,606,1046,N,W,432 - 446 N LA SALLE ST,432,446,432 N LASALLE ST,238406,238,4,181,447514.2897,4637781.479,0,0.5,2.211111111,24.37403555,1,MP104,5
182,B238409,4,41.8912329,-87.63108373,1.103068027,24,13,0,232,88,1090,1360,N,E,501 - 513 N CLARK,501,513,511 N CLARK ST,238409,238,4,182,447646.1207,4637892.578,0,0.420454545,2.636363636,22.59851577,1,MP104,6
183,B238410,4,41.89159529,-87.63331063,1.14355821,31,7,1,246,80,1124,1722,W,S,151 - 173 W GRAND AVE,151,173,167 W GRAND AVE,238410,238,4,183,447461.6762,4637934.174,0,0.475,3.075,23.3730362,1,MP104,13
184,B238412,4,41.89084405,-87.63179183,1.076043771,23,8,0,190,80,736,1244,W,N,100 - 124 W ILLINOIS ST,100,124,114 W ILLINOIS ST,238412,238,4,184,447587.0595,4637849.837,0,0.3875,2.375,23.89016603,1,MP104,6
185,B238415,4,41.89161177,-87.63132915,1.010696517,4,2,0,37,72,224,178,W,S,101 - 103 W GRAND AVE,101,103,101 W GRAND AVE,238415,238,4,185,447626.0704,4637934.792,0,0.083333333,0.513888889,20.88195387,1,MP104,2
186,B239401,4,41.88999445,-87.63473354,1.177053887,14,8,1,112,40,962,1302,W,N,202 - 230 W HUBBARD ST,202,230,218 W HUBBARD ST,239401,239,4,186,447342.3188,4637757.309,0,0.55,2.8,23.31692339,1,MP104,10
187,B239402,4,41.88999046,-87.6362443,1.170736238,9,2,0,63,42,416,571,W,N,306 - 316 W HUBBARD ST,306,316,312 W HUBBARD ST,239402,239,4,187,447216.9818,4637757.794,0,0.261904762,1.5,23.06598686,1,MP104,5
188,B239403,4,41.8899635,-87.63604917,1.157868426,19,5,4,102,45,639,1028,W,S,303 - 327 W HUBBARD ST,303,327,315 W HUBBARD ST,239403,239,4,188,447233.1477,4637754.681,0,0.533333333,2.266666667,24.25014997,1,MP104,8
189,B239404,4,41.8897823,-87.63553485,1.170822258,16,5,1,109,57,661,1220,N,W,406 - 428 N FRANKLIN ST,406,428,422 N FRANKLIN ST,239404,239,4,189,447275.6671,4637734.247,0,0.368421053,1.912280702,24.36419809,1,MP104,7
190,B239407,4,41.88917779,-87.63479657,1.160626204,43,8,0,268,47,1293,2167,W,N,204 - 230 W KINZIE ST,204,230,214 W KINZIE ST,239407,239,4,190,447336.419,4637666.676,0,1.085106383,5.70212766,24.0149702,1,MP104,14
191,B239408,4,41.88915583,-87.63625167,1.166449086,24,4,3,144,55,501,1031,W,N,302 - 324 W KINZIE ST,302,324,312 W KINZIE ST,239408,239,4,191,447215.6833,4637665.132,0,0.509090909,2.618181818,24.79626841,1,MP104,9
192,B239409,4,41.88937097,-87.63695911,1.200894134,11,4,9,79,54,345,587,N,E,403 - 417 N ORLEANS ST,403,417,413 N ORLEANS ST,239409,239,4,192,447157.1701,4637689.454,0,0.277777778,1.462962963,24.27916504,1,MP104,6
193,B239410,4,41.88910491,-87.63738222,1.042444444,32,7,3,119,54,676,599,W,S,339 - 357 W KINZIE ST,339,357,347 W KINZIE ST,239410,239,4,193,447121.8489,4637660.175,0,0.722222222,2.203703704,23.1217806,1,MP104,10
194,B240401,4,41.89161177,-87.63482206,1.133488661,9,4,0,51,56,479,594,W,N,206 - 220 W GRAND AVE,206,220,218 W GRAND AVE,240401,240,4,194,447336.3036,4637936.93,0,0.232142857,0.910714286,23.70965009,1,MP104,5
195,B240404,4,41.89107366,-87.63558179,1.095808967,5,0,0,30,60,256,257,N,W,508 - 516 N FRANKLIN ST,508,516,512 N FRANKLIN ST,240404,240,4,195,447272.8349,4637877.652,0,0.083333333,0.5,22.01559454,1,MP104,4
196,B240405,4,41.89078464,-87.63629526,1.113833834,14,2,0,93,56,760,905,W,N,310 - 320 W ILLINOIS ST,310,320,318 W ILLINOIS ST,240405,240,4,196,447213.408,4637846.001,0,0.285714286,1.660714286,22.60975261,1,MP104,11
197,B240409,4,41.89077766,-87.63487302,1.205278125,27,7,5,191,62,978,1425,W,S,203 - 223 W ILLINOIS ST,203,223,215 W ILLINOIS ST,240409,240,4,197,447331.3908,4637844.352,0,0.548387097,3.080645161,23.42375703,1,MP104,12
198,B240410,4,41.89033239,-87.63406031,1.071610738,11,9,1,124,75,793,697,N,W,436 - 446 N WELLS ST,436,446,440 N WELLS ST,240410,240,4,198,447398.4476,4637794.417,0,0.266666667,1.653333333,21.17524236,1,MP104,5
199,B240411,4,41.88969544,-87.63402812,1.130943847,6,3,0,66,69,459,657,N,W,406 - 424 N WELLS ST,406,424,418 N WELLS ST,240411,240,4,199,447400.5956,4637723.678,0,0.130434783,0.956521739,22.96826223,1,MP104,7
200,B240412,4,41.88949976,-87.63397917,1.19226971,17,4,0,137,62,681,1378,N,E,403 - 415 N WELLS ST,403,415,409 N WELLS ST,240412,240,4,200,447404.496,4637701.922,0,0.338709677,2.209677419,24.47038915,1,MP104,7
201,B240413,4,41.89028447,-87.6340194,1.076989377,8,5,2,108,63,845,818,N,E,435 - 447 N WELLS ST,435,447,441 N WELLS ST,240413,240,4,201,447401.8022,4637789.071,0,0.206349206,1.714285714,21.28940813,1,MP104,7
202,B240415,4,41.89103373,-87.63554089,1.057674685,8,3,1,44,58,399,474,N,E,501 - 515 N FRANKLIN ST,501,515,507 N FRANKLIN ST,240415,240,4,202,447276.1951,4637873.193,0,0.189655172,0.75862069,23.65215731,1,MP104,6
203,B240417,4,41.89128681,-87.63405226,1.078502415,7,1,0,55,61,263,496,N,E,503 - 513 N WELLS ST,503,513,511 N WELLS ST,240417,240,4,203,447399.8985,4637900.379,0,0.131147541,0.901639344,24.11589231,1,MP104,2
204,B240419,4,41.89106668,-87.63408914,1.143229936,5,2,0,34,57,255,422,N,W,500 - 510 N WELLS ST,500,510,504 N WELLS ST,240419,240,4,204,447396.6584,4637875.961,0,0.122807018,0.596491228,24.01772526,1,MP104,2
205,B241404,4,41.89265901,-87.63559453,1.288216039,13,3,0,80,57,512,710,N,E,609 - 619 N FRANKLIN ST,609,619,615 N FRANKLIN ST,241404,241,4,205,447273.0819,4638053.677,0,0.280701754,1.403508772,23.36153208,1,MP104,5
206,B241405,4,41.89243189,-87.63502389,1.036423221,15,4,0,62,54,658,766,W,N,204 - 236 W OHIO ST,204,236,220 W OHIO ST,241405,241,4,206,447320.234,4638028.11,0,0.351851852,1.148148148,23.73452676,1,MP104,9
207,B241406,4,41.89291807,-87.63408378,1.019972067,3,1,0,24,52,163,195,N,E,609 - 619 N WELLS ST,609,619,613 N WELLS ST,241406,241,4,207,447398.6221,4638081.513,0,0.076923077,0.461538462,22.47753218,1,MP104,3
208,B241407,4,41.89240094,-87.63528742,1.054904486,11,5,0,83,53,807,746,W,S,215 - 231 W OHIO ST,215,231,221 W OHIO ST,241407,241,4,208,447298.3467,4638024.836,0,0.301886792,1.566037736,21.85430118,1,MP104,8
209,B241409,4,41.89175902,-87.635618,1.088624086,8,3,0,56,62,489,560,N,W,534 - 550 N FRANKLIN ST,534,550,538 N FRANKLIN ST,241409,241,4,209,447270.3947,4637953.768,0,0.177419355,0.903225806,22.57599831,1,MP104,6
210,B241411,4,41.89202807,-87.63410926,1.035785536,14,1,0,50,54,316,486,N,W,540 - 548 N WELLS ST,540,548,540 N WELLS ST,241411,241,4,210,447395.778,4637982.714,0,0.277777778,0.925925926,24.63468987,1,MP104,2
211,B241412,4,41.89237249,-87.63671502,1.03523978,6,2,0,43,54,417,431,W,S,307 - 339 W OHIO ST,307,339,323 W OHIO ST,241412,241,4,211,447179.8931,4638022.555,0,0.148148148,0.796296296,22.54931389,1,MP104,7
212,B242401,4,41.89398775,-87.63622485,1.106034926,5,1,0,23,10,610,688,W,N,306 - 310 W ERIE ST,306,310,308 W ERIE ST,242401,242,4,212,447221.8862,4638201.591,0,0.6,2.3,23.05285724,1,MP104,9
213,B242402,4,41.8942725,-87.63566764,1.145198857,6,2,0,41,17,695,822,N,W,662 - 676 N FRANKLIN ST,662,676,666 N FRANKLIN ST,242402,242,4,213,447268.3441,4638232.864,0,0.470588235,2.411764706,22.66974291,1,MP104,6
214,B242403,4,41.89457524,-87.63416357,0.961867637,6,0,0,21,13,681,281,N,W,662 - 680 N WELLS ST,662,680,676 N WELLS ST,242403,242,4,214,447393.3628,4638265.553,0,0.461538462,1.615384615,20.08939709,1,MP104,9
215,B242404,4,41.89426977,-87.63562873,1.129855072,4,0,3,29,10,712,1013,N,E,663 - 675 N FRANKLIN ST,663,675,669 N FRANKLIN ST,242404,242,4,215,447271.5696,4638232.537,0,0.4,2.9,23.01493868,1,MP104,6
216,B242405,4,41.89478388,-87.6349736,1.052707826,5,1,0,36,11,557,674,W,S,205 - 233 W HURON ST,205,233,217 W HURON ST,242405,242,4,216,447326.3384,4638289.215,0,0.545454545,3.272727273,22.50179877,1,MP104,8
217,B242406,4,41.89475843,-87.63650246,1.093744334,4,1,0,24,10,594,509,W,S,309 - 339 W HURON ST,309,339,321 W HURON ST,242406,242,4,217,447199.4917,4638287.329,0,0.5,2.4,21.67724388,1,MP104,7
218,B242407,4,41.8939598,-87.63612695,1.079115646,1,1,0,5,8,266,469,W,S,307 - 319 W ERIE ST,307,319,313 W ERIE ST,242407,242,4,218,447229.9845,4638198.428,0,0.25,0.625,26.38095238,1,MP104,6
219,B242408,4,41.89396728,-87.63537727,1.079010721,13,0,0,50,11,1940,1480,W,S,209 - 245 W ERIE ST,209,245,237 W ERIE ST,242408,242,4,219,447292.1808,4638198.798,0,1.181818182,4.545454545,21.72758285,1,MP104,13
220,B242410,4,41.89481084,-87.6350648,1.027544529,5,1,0,29,9,792,780,W,N,204 - 244 W HURON ST,204,244,224 W HURON ST,242410,242,4,220,447318.7952,4638292.264,0,0.666666667,3.222222222,22.08287895,1,MP104,10
221,B242411,4,41.89478638,-87.63654269,1.14347696,3,1,0,25,12,578,536,W,N,308 - 342 W HURON ST,308,342,320 W HURON ST,242411,242,4,221,447196.1775,4638290.457,0,0.333333333,2.083333333,21.28330341,1,MP104,12
222,B242412,4,41.89505242,-87.63709724,1.023141655,1,0,0,7,8,353,360,N,E,709 - 723 N ORLEANS ST,709,723,709 N ORLEANS ST,242412,242,4,222,447150.3944,4638320.336,0,0.125,0.875,21.5127229,1,MP104,4
223,B242413,4,41.89454779,-87.63712339,1.017637131,2,0,0,7,9,169,226,N,W,666 - 674 N ORLEANS ST,666,674,672 N ORLEANS ST,242413,242,4,223,447147.8091,4638264.324,0,0.222222222,0.777777778,23.88788427,1,MP104,3
224,B242414,4,41.89400821,-87.63444722,1.030878763,20,1,0,63,15,1483,975,W,N,206 - 244 W ERIE ST,206,244,206 W ERIE ST,242414,242,4,224,447369.3672,4638202.771,0,1.4,4.2,22.15663141,1,MP104,9
225,B243402,4,41.89516423,-87.63570517,1.174898785,7,0,0,19,10,556,432,N,W,702 - 718 N FRANKLIN ST,702,718,712 N FRANKLIN ST,243402,243,4,225,447265.9643,4638331.894,0,0.7,1.9,23.12190733,1,MP104,8
226,B243403,4,41.89513128,-87.63566427,1.138385147,1,0,0,10,9,387,385,N,E,705 - 721 N FRANKLIN ST,705,721,711 N FRANKLIN ST,243403,243,4,226,447269.33,4638328.21,0,0.111111111,1.111111111,21.22733161,1,MP104,5
227,B243404,4,41.8955825,-87.63486162,0.838646101,2,1,0,7,10,176,213,W,S,203 - 221 W SUPERIOR ST,203,221,221 W SUPERIOR ST,243404,243,4,227,447336.2838,4638377.815,0,0.3,0.7,27.7377892,1,MP104,4
228,B243405,4,41.89520166,-87.63414547,1.026980874,6,2,0,32,12,342,634,N,E,703 - 719 N WELLS ST,703,719,711 N WELLS ST,243405,243,4,228,447395.3784,4638335.092,0,0.666666667,2.666666667,24.92509893,1,MP104,8
229,B243406,4,41.89630874,-87.63418436,0.95887574,1,0,1,12,13,184,323,N,E,733 - 749 N WELLS ST,733,749,749 N WELLS ST,243406,243,4,229,447393.0608,4638458.032,0,0.076923077,0.923076923,23.46745562,1,MP104,8
230,B243407,4,41.89561495,-87.63472281,0.978432404,6,2,1,38,9,1034,867,W,N,200 - 240 W SUPERIOR ST,200,240,208 W SUPERIOR ST,243414,243,4,230,447347.8252,4638381.333,0,0.888888889,4.222222222,21.92886596,1,MP104,17
231,B243409,4,41.89619194,-87.63571657,0.894979296,2,2,0,11,10,324,320,N,W,726 - 750 N FRANKLIN ST,726,750,742 N FRANKLIN ST,243409,243,4,231,447265.8641,4638446.005,0,0.4,1.1,23.96273292,1,MP104,10
232,B243410,4,41.89555248,-87.63654866,0.935418569,4,1,0,17,10,675,420,W,S,309 - 325 W SUPERIOR ST,309,325,311 W SUPERIOR ST,243410,243,4,232,447196.3133,4638375.519,0,0.5,1.7,22.80821918,1,MP104,12
233,B243412,4,41.89617447,-87.63422057,1.011271478,3,0,0,16,9,156,329,N,W,732 - 746 N WELLS ST,732,746,740 N WELLS ST,243412,243,4,233,447389.9469,4638443.147,0,0.333333333,1.777777778,24.77319588,1,MP104,5
234,B244404,4,41.89699104,-87.63420716,1.215438247,2,1,0,12,16,291,211,N,E,803 - 819 N WELLS ST,803,819,813 N WELLS ST,244404,244,4,234,447391.7295,4638533.8,0,0.1875,0.75,21.56827237,1,MP104,6
235,B244406,4,41.89660772,-87.63492465,1.157880056,3,0,0,8,10,92,147,W,N,204 - 224 W CHICAGO AVE,204,224,216 W CHICAGO AVE,244406,244,4,235,447331.8976,4638491.681,0,0.3,0.8,25.18828452,1,MP104,4
236,B244408,4,41.89737187,-87.63522439,1.171953188,5,0,0,35,18,998,1067,W,S,207 - 225 W INSTITUTE PL,207,225,217 W INSTITUTE PL,244408,244,4,236,447307.6617,4638576.707,0,0.277777778,1.944444444,21.71497752,1,MP104,8
237,B244412,4,41.89697607,-87.63572931,1.142739565,4,2,1,39,17,570,564,N,W,804 - 818 N FRANKLIN ST,804,818,812 N FRANKLIN ST,244412,244,4,237,447265.4524,4638533.073,0,0.352941176,2.294117647,21.53439153,1,MP104,7
238,B244413,4,41.89659424,-87.63640322,0.992664449,6,0,1,17,11,419,483,W,N,308 - 332 W CHICAGO AVE,308,332,310 W CHICAGO AVE,244413,244,4,238,447209.236,4638491.093,0,0.545454545,1.545454545,24.6911625,1,MP104,7
239,B244415,4,41.89656729,-87.63642199,0.89814257,3,0,0,22,13,295,369,W,S,307 - 323 W CHICAGO AVE,307,323,317 W CHICAGO AVE,244415,244,4,239,447207.6568,4638488.113,0,0.230769231,1.692307692,22.68249468,1,MP104,3
240,B244416,4,41.89657927,-87.63498433,1.149904215,1,0,0,5,12,69,105,W,S,215 - 227 W CHICAGO AVE,215,227,219 W CHICAGO AVE,244416,244,4,240,447326.9236,4638488.559,0,0.083333333,0.416666667,23.65517241,1,MP104,3
241,B245404,4,41.89799477,-87.63021268,1.30260771,19,5,0,96,93,226,362,W,N,40 - 64 W CHESTNUT ST,40,64,56 W CHESTNUT ST,245404,245,4,241,447723.8967,4638642.8,0,0.258064516,1.032258065,24.40940012,1,MP104,10
242,B246406,4,41.90012646,-87.62989081,1.122905682,13,8,0,76,97,226,343,N,W,946 - 960 N DEARBORN ST,946,960,952 N DEARBORN ST,246406,246,4,242,447752.3336,4638879.281,0,0.216494845,0.783505155,24.40580212,1,MP104,7
243,B246407,4,41.89845945,-87.62985125,1.165648225,20,7,0,160,103,420,791,N,W,846 - 866 N DEARBORN ST,846,866,854 N DEARBORN ST,246407,246,4,243,447754.2562,4638694.173,0,0.262135922,1.553398058,24.27970873,1,MP104,8
244,B246409,4,41.89865859,-87.63132177,1.385699264,7,2,4,79,89,212,422,N,W,860 - 872 N CLARK ST,860,872,864 N CLARK ST,246409,246,4,244,447632.4397,4638717.179,0,0.101123596,0.887640449,24.18461116,1,MP104,6
245,B246410,4,41.89983199,-87.63134994,1.178732521,16,9,1,92,87,421,318,N,W,946 - 960 N CLARK ST,946,960,952 N CLARK ST,246410,246,4,245,447631.0617,4638847.476,0,0.287356322,1.057471264,21.80672333,1,MP104,6
246,B246411,4,41.90020182,-87.63132378,1.145895896,3,2,0,39,88,213,120,N,E,949 - 955 N CLARK ST,949,955,953 N CLARK ST,246411,246,4,246,447633.5338,4638888.522,0,0.056818182,0.443181818,18.84730885,1,MP104,4
247,B247402,4,41.90119003,-87.62993038,1.107305249,44,15,9,249,94,799,1195,N,W,1002 - 1034 N DEARBORN ST,1002,1034,1012 N DEARBORN ST,247402,247,4,247,447749.9184,4638997.391,0,0.627659574,2.64893617,24.08741781,1,MP104,8
248,B247403,4,41.90056666,-87.63043664,1.132173913,22,6,4,143,100,539,381,W,N,38 - 66 W OAK ST,38,66,50 W OAK ST,247403,247,4,248,447707.4175,4638928.488,0,0.28,1.43,20.71288245,1,MP104,5
249,B247404,4,41.9010408,-87.63134792,1.141874629,45,20,2,253,90,1511,733,N,E,1001 - 1017 N CLARK ST,1001,1017,1009 N CLARK ST,247404,247,4,249,447632.217,4638981.686,0,0.722222222,2.811111111,20.25789813,1,MP104,8
250,B247405,4,41.90183399,-87.63050034,1.153079292,18,7,3,101,98,402,464,W,S,49 - 57 W MAPLE ST,49,57,57 W MAPLE ST,247405,247,4,250,447703.1679,4639069.235,0,0.255102041,1.030612245,23.26650255,1,MP104,3
251,B247406,4,41.9018643,-87.63041183,1.143846323,27,12,13,212,100,686,828,W,N,48 - 56 W MAPLE ST,48,56,54 W MAPLE ST,247406,247,4,251,447710.5341,4639072.547,0,0.39,2.12,22.78828664,1,MP104,5
252,B247407,4,41.90053722,-87.63044469,1.135577841,41,16,5,237,99,743,653,W,S,53 - 73 W OAK ST,53,73,63 W OAK ST,247407,247,4,252,447706.7257,4638925.224,0,0.575757576,2.393939394,22.27235784,1,MP104,10
253,B248401,4,41.90241878,-87.6313781,1.101930397,31,8,2,149,82,894,945,N,E,1101 - 1125 N CLARK ST,1101,1125,1119 N CLARK ST,248401,248,4,253,447630.8397,4639134.699,0,0.475609756,1.817073171,22.92896337,1,MP104,9
254,B248402,4,41.90312398,-87.63028443,1.125171143,23,11,28,188,87,905,994,W,S,43 - 75 W ELM ST,43,75,49 W ELM ST,248402,248,4,254,447722.1289,4639212.328,0,0.390804598,2.16091954,22.57298783,1,MP104,6
255,B248403,4,41.90243475,-87.62995921,1.07225256,24,7,22,173,89,508,957,N,W,1116 - 1132 N DEARBORN ST,1116,1132,1118 N DEARBORN ST,248403,248,4,255,447748.5419,4639135.607,0,0.348314607,1.943820225,24.5895965,1,MP104,5
256,B248404,4,41.90278261,-87.62992971,1.096413309,13,3,11,116,86,397,695,N,E,1133 - 1137 N DEARBORN ST,1133,1137,1135 N DEARBORN ST,248404,248,4,256,447751.2724,4639174.211,0,0.186046512,1.348837209,23.88078918,1,MP104,3
257,B248405,4,41.90346834,-87.6299914,1.135697241,15,5,3,147,76,996,1239,N,W,1148 - 1164 N DEARBORN ST,1148,1164,1154 N DEARBORN ST,248405,248,4,257,447746.7147,4639250.383,0,0.263157895,1.934210526,22.38837995,1,MP104,6
258,B248406,4,41.90314494,-87.63102606,1.109532303,44,10,6,187,87,444,1238,W,N,46 - 78 W ELM ST,46,78,56 W ELM ST,248407,248,4,258,447660.6325,4639215.108,0,0.620689655,2.149425287,26.36848508,1,MP104,7
259,B248408,4,41.90181589,-87.6319541,1.205049819,24,4,1,103,99,296,440,W,S,121 - 127 W MAPLE ST,121,127,123 W MAPLE ST,248408,248,4,259,447582.5705,4639068.113,0,0.282828283,1.04040404,24.23144488,1,MP104,3
260,B248409,4,41.90313645,-87.63180189,1.093828146,40,12,1,174,91,583,670,W,N,106 - 128 W ELM ST,106,128,108 W ELM ST,248409,248,4,260,447596.2754,4639214.639,0,0.571428571,1.912087912,23.68133763,1,MP104,11
261,B248411,4,41.90310052,-87.63212509,1.191043724,17,8,2,85,88,349,360,W,S,111 - 127 W ELM ST,111,127,117 W ELM ST,248411,248,4,261,447569.4386,4639210.847,0,0.284090909,0.965909091,23.19368263,1,MP104,7
262,B248412,4,41.90354869,-87.63140358,0.872084367,4,1,0,32,79,223,180,N,E,1157 - 1159 N CLARK ST,1157,1159,1157 N CLARK ST,248412,248,4,262,447629.6496,4639260.166,0,0.063291139,0.405063291,21.23862696,1,MP104,3
263,B248422,4,41.90184583,-87.63201311,1.09701897,7,4,1,40,99,97,149,W,N,128 - 128 W MAPLE ST,128,128,128 W MAPLE ST,248422,248,4,263,447577.7004,4639071.473,0,0.111111111,0.404040404,24.39666239,1,MP104,1
264,B252401,4,41.90387209,-87.63378203,1.049045915,3,0,0,14,11,232,327,W,N,150 - 168 W DIVISION ST,150,168,158 W DIVISION ST,252401,252,4,264,447432.6388,4639297.527,0,0.272727273,1.272727273,23.96324606,1,MP104,7
265,B287720,2,41.86670405,-87.64508955,1.823419797,3,3,0,26,2,1342,894,S,E,1239 - 1357 S UNION AVE,1239,1357,1245 S UNION AVE,287720,287,7,265,446463.7411,4635177.847,0,3,13,21.42601584,1,MP104,23
266,B291302,2,41.86925373,-87.66807206,1.314583333,0,1,0,2,2,31,41,W,N,1630 - 1640 W TAYLOR ST,1630,1640,1636 W TAYLOR ST,291302,291,3,266,444558.6064,4635475.518,0,0.5,1,25.69444444,1,MP104,7
267,B335401,4,41.88882437,-87.6271791,1.115583075,21,4,4,98,47,512,1103,N,W,402 - 434 N WABASH AVE,402,434,404 N WABASH AVE,335405,335,4,267,447968.0906,4637622.79,0,0.531914894,2.085106383,25.46073741,1,MP104,6
268,B335402,4,41.88982972,-87.62666881,1.06416569,6,1,0,52,53,474,379,N,W,438 - 450 N WABASH AVE,438,450,446 N WABASH AVE,335402,335,4,268,448011.2405,4637734.102,0,0.132075472,0.981132075,20.61508402,1,MP104,2
269,B335404,4,41.88978579,-87.62662657,1.091787791,41,8,3,193,49,1790,1650,N,E,431 - 457 N WABASH AVE,431,457,441 N WABASH AVE,335404,335,4,269,448014.7092,4637729.199,0,1,3.93877551,22.47405072,1,MP104,14
270,B336503,6.5,41.88578824,-87.62268238,1.420779825,31,15,0,174,68,1086,705,E,N,104 - 152 E LAKE-UL ST,104,152,136 E LAKE-UL ST,336503,336,5,270,448338.7021,4637282.979,0,0.676470588,2.558823529,21.33764058,1,MP104,12
271,B336504,6.5,41.8876897,-87.62225121,2.000576302,21,2,87,158,63,543,180,N,W,304 - 332 N STETSON-ML AVE,304,332,320 N STETSON-ML AVE,336504,336,5,271,448376.0055,4637493.834,0,0.365079365,2.507936508,20.93575619,1,MP104,9
272,B336505,6.5,41.88496903,-87.62389138,1.126107754,37,6,1,178,75,1108,878,N,E,153 - 167 N BEAUBIEN-UL CT,153,167,161 N BEAUBIEN-UL CT,336505,336,5,272,448237.7349,4637192.753,0,0.573333333,2.373333333,21.97783175,1,MP104,8
273,B336506,6.5,41.88486043,-87.6239201,1.314518604,23,10,1,184,75,1187,551,N,W,152 - 156 N BEAUBIEN-UL CT,152,156,158 N BEAUBIEN-UL CT,336506,336,5,273,448235.2644,4637180.713,0,0.44,2.453333333,19.19352959,1,MP104,10
274,B336507,6.5,41.88491012,-87.62230955,1.4003621,20,10,1,148,75,1231,426,N,W,154 - 170 N STETSON-UL AVE,154,170,160 N STETSON-UL AVE,336507,336,5,274,448368.9274,4637185.259,0,0.4,1.973333333,18.57063275,1,MP104,11
275,B336508,6.5,41.88489015,-87.62226932,1.404296018,18,8,1,90,71,739,324,N,E,153 - 169 N STETSON-UL AVE,153,169,161 N STETSON-UL AVE,336508,336,5,275,448372.249,4637183.018,0,0.366197183,1.267605634,20.50455453,1,MP104,7
276,B336509,6.5,41.88693791,-87.62234509,1.882787093,11,7,2,90,65,810,502,N,W,274 - 284 N STETSON-UL AVE,274,284,272 N STETSON-UL AVE,336509,336,5,276,448367.6115,4637410.421,0,0.276923077,1.384615385,20.50187617,1,MP104,10
277,B336510,6.5,41.88770967,-87.62231626,1.795101781,6,4,5,45,66,279,245,N,E,335 - 339 N STETSON-UL AVE,335,339,337 N STETSON-UL AVE,336510,336,5,277,448370.6248,4637496.09,0,0.151515152,0.681818182,22.57807078,1,MP104,2
278,B336511,6.5,41.88734576,-87.62235045,1.872396576,8,2,5,59,67,417,284,N,W,310 - 316 N STETSON-UL AVE,310,316,312 N STETSON-UL AVE,336511,336,5,278,448367.4952,4637455.707,0,0.149253731,0.880597015,20.80663987,1,MP104,3
279,B356403,4,41.88997898,-87.6371824,1.153424062,30,4,3,217,47,866,1816,W,N,344 - 360 W HUBBARD ST,344,360,356 W HUBBARD ST,356403,356,4,279,447139.1469,4637757.097,0,0.723404255,4.617021277,24.62374597,1,MP104,10
280,B356405,4,41.8907502,-87.63802662,1.157742378,43,5,0,164,47,563,1383,W,N,340 - 376 W ILLINOIS ST,340,376,344 W ILLINOIS ST,356406,356,4,280,447069.7466,4637843.244,0,1.021276596,3.489361702,26.01727153,1,MP104,15
281,B356407,4,41.89091343,-87.63944082,1.528862479,6,1,1,35,47,244,345,N,W,504 - 510 N KINGSBURY ST,504,510,506 N KINGSBURY ST,356407,356,4,281,446952.56,4637862.241,0,0.14893617,0.744680851,23.47224366,1,MP104,3
282,B374401,4,41.9026274,-87.63445929,1.168412047,4,2,2,18,9,140,347,N,W,1114 - 1158 N WELLS ST,1114,1158,1116 N WELLS ST,374402,374,4,282,447375.4429,4639159.747,0,0.666666667,2,26.71457906,1,MP104,9
283,B374415,4,41.90381696,-87.63548899,1.074592075,4,1,0,14,9,96,190,W,S,205 - 311 W DIVISION ST,205,311,225 W DIVISION ST,374415,374,4,283,447291.0136,4639292.453,0,0.555555556,1.555555556,26.08391608,1,MP104,8
284,B374416,4,41.90383965,-87.63583794,1.07324263,4,0,0,13,8,117,324,W,N,206 - 310 W DIVISION ST,206,310,232 W DIVISION ST,374416,374,4,284,447262.0894,4639295.187,0,0.5,1.625,26.46258503,1,MP104,9
285,B414506,6.5,41.88521215,-87.62049973,1.552596315,49,8,15,169,69,560,1032,N,E,107 - 335 N COLUMBUS-UL DR,107,335,211 N COLUMBUS-UL DR,414509,414,5,285,448519.3256,4637217.706,0,0.826086957,2.449275362,25.76905507,1,MP104,7
286,B511504,6.5,41.8810339,-87.63235802,1.684632684,22,3,0,61,32,330,337,S,W,14 - 44 S LA SALLE ST,14,44,42 S LA SALLE ST,511504,511,5,286,447532.0624,4636760.988,0,0.78125,1.90625,24.37005635,1,MP104,8
287,B511505,6.5,41.88643022,-87.63103478,1.444849839,18,1,2,70,24,530,813,N,W,210 - 216 N CLARK ST,210,216,232 N CLARK ST,511505,511,5,287,447646.2602,4637359.319,0,0.791666667,2.916666667,24.37938582,1,MP104,6
288,B511506,6.5,41.88134602,-87.6308825,1.362414501,14,9,1,141,28,770,692,S,E,21 - 75 S CLARK ST,21,75,21 S CLARK ST,511506,511,5,288,447654.7444,4636794.74,0,0.821428571,5.035714286,21.43616607,1,MP104,13
289,B511507,6.5,41.88030426,-87.6308152,1.67649789,10,6,0,76,30,380,410,S,E,121 - 145 S CLARK ST,121,145,137 S CLARK ST,511507,511,5,289,447659.4782,4636679.036,0,0.533333333,2.533333333,22.45980157,1,MP104,7
290,B511508,6.5,41.87907436,-87.63080953,1.634752285,13,8,2,84,31,355,338,S,W,208 - 288 S CLARK ST,208,288,228 S CLARK ST,511508,511,5,290,447658.945,4636542.48,0,0.677419355,2.709677419,22.74290524,1,MP104,11
291,B511509,6.5,41.87976252,-87.63082898,1.719885057,10,3,0,50,33,224,211,S,W,144 - 198 S CLARK ST,144,198,180 S CLARK ST,511509,511,5,291,447657.8927,4636618.896,0,0.393939394,1.515151515,22.81475541,1,MP104,6
292,B511511,6.5,41.88285214,-87.63230626,1.136827122,6,2,1,53,32,434,210,N,E,33 - 57 N LA SALLE ST,33,57,49 N LASALLE ST,511511,511,5,292,447537.8444,4636962.83,0,0.25,1.65625,18.9178744,1,MP104,4
293,B512508,6.5,41.87666888,-87.63368316,1.385615322,4,4,0,21,31,205,204,S,E,401 - 411 S WELLS ST,401,411,405 S WELLS,512508,512,5,293,447418.5343,4636277.162,0,0.258064516,0.677419355,23.98533007,1,MP104,3
294,B512513,6.5,41.88600462,-87.63392906,1.401111111,11,4,3,37,38,264,276,N,E,211 - 227 N WELLS ST,211,227,219 N WELLS ST,512513,512,5,294,447405.7864,4637313.835,0,0.394736842,0.973684211,24.80555556,1,MP104,8
295,B513504,6.5,41.88019883,-87.62939021,1.374045235,13,2,5,72,39,505,394,S,W,120 - 160 S DEARBORN ST,120,160,140 S DEARBORN ST,513504,513,5,295,447777.6284,4636666.462,0,0.384615385,1.846153846,21.72179615,1,MP104,5
296,B513505,6.5,41.88153999,-87.62942167,1.351598402,19,2,3,99,37,475,526,S,W,2 - 98 S DEARBORN ST,2,98,20 S DEARBORN ST,513505,513,5,296,447776.1101,4636815.386,0,0.567567568,2.675675676,23.00074925,1,MP104,6
297,B513506,6.5,41.88310193,-87.62945734,1.613386728,13,1,2,92,38,573,301,N,W,82 - 90 N DEARBORN ST,82,90,86 N DEARBORN ST,513506,513,5,297,447774.4225,4636988.826,0,0.368421053,2.421052632,19.27189515,1,MP104,6
298,B513508,6.5,41.87949642,-87.6255015,1.258885542,13,2,3,84,30,944,716,E,S,45 - 87 E ADAMS ST,45,87,65 E ADAMS ST,513508,513,5,298,448099.7192,4636586.116,0,0.5,2.8,21.09900471,1,MP104,7
299,B514501,6.5,41.87718839,-87.62929548,1.547208507,34,11,2,172,37,1294,1339,S,W,314 - 348 S DEARBORN ST,314,348,330 S DEARBORN ST,514501,514,5,299,447783.0377,4636332.163,0,1.216216216,4.648648649,23.22131566,1,MP104,14
300,B514502,6.5,41.87698587,-87.62549553,1.350630081,5,3,4,75,31,479,341,E,N,56 - 74 E VAN BUREN ST,56,74,64 E VAN BUREN ST,514502,514,5,300,448098.1831,4636307.373,0,0.258064516,2.419354839,19.77743902,1,MP104,6
301,B514503,6.5,41.87693158,-87.62827137,1.396157407,5,0,0,26,32,186,174,W,N,4 - 20 W VAN BUREN ST,4,20,12 W VAN BUREN ST,514503,514,5,301,447867.8068,4636303.028,0,0.15625,0.8125,22.01515152,1,MP104,7
302,B514504,6.5,41.87680326,-87.63559611,1.363501199,13,3,6,55,30,259,436,W,S,303 - 331 W VAN BUREN ST,303,331,315 W VAN BUREN ST,514504,514,5,302,447259.9122,4636293.256,0,0.533333333,1.833333333,25.32006023,1,MP104,12
303,B514506,6.5,41.87690413,-87.62822821,1.535735736,5,0,1,14,27,123,99,W,S,11 - 19 W VAN BUREN ST,11,19,15 W VAN BUREN ST,514506,514,5,303,447871.3658,4636299.954,0,0.185185185,0.518518519,23.18087318,1,MP104,5
304,B514507,6.5,41.87692051,-87.62727036,1.377149758,8,2,2,27,31,211,134,E,S,7 - 15 E VAN BUREN ST,7,15,11 E VAN BUREN ST,514507,514,5,304,447950.8592,4636301.191,0,0.322580645,0.870967742,23.88405797,1,MP104,8
305,B527501,6.5,41.88447199,-87.63443649,1.404824561,1,1,0,20,26,103,125,W,S,215 - 227 W RANDOLPH ST,215,227,221 W RANDOLPH ST,527501,527,5,305,447362.429,4637143.982,0,0.076923077,0.769230769,22.02786378,1,MP104,7
306,B527505,6.5,41.88373273,-87.63537794,1.659382716,1,0,0,7,5,70,65,N,W,104 - 136 N FRANKLIN ST,104,136,122 N FRANKLIN ST,527505,527,5,306,447283.7113,4637062.482,0,0.2,1.4,22.22222222,1,MP104,12
307,B527506,6.5,41.88239392,-87.63533448,1.636507937,8,1,0,12,27,171,102,N,W,12 - 20 N FRANKLIN ST,12,20,14 N FRANKLIN ST,527506,527,5,307,447286.2166,4636913.811,0,0.333333333,0.444444444,28.74725275,1,MP104,3
308,B527507,6.5,41.87997089,-87.63669966,1.362345679,1,3,0,45,23,304,128,S,E,109 - 125 S WACKER DR,109,125,115 S WACKER DR,527507,527,5,308,447170.9511,4636645.628,0,0.173913043,1.956521739,21.55555556,1,MP104,10
309,B527508,6.5,41.88124037,-87.63673508,1.145289855,5,2,1,36,25,125,197,N,E,1 - 73 N WACKER DR,1,73,27 N WACKER DR,527508,527,5,309,447169.0579,4636786.597,0,0.28,1.44,24.59897381,1,MP104,12
310,B527509,6.5,41.88385413,-87.63679269,1.203618421,4,0,0,17,24,53,99,N,E,123 - 159 N WACKER DR,123,159,129 N WACKER DR,527515,527,5,310,447166.4312,4637076.831,0,0.166666667,0.708333333,26.51315789,1,MP104,7
311,B527510,6.5,41.87965301,-87.63700306,2.354430811,108,2,14,159,22,214,275,S,W,110 - 180 S WACKER DR,110,180,150 S WACKER DR,527510,527,5,311,447145.515,4636610.521,0,5,7.227272727,27.98017933,1,MP104,13
312,B527511,6.5,41.87634349,-87.63667568,0.935107261,4,1,12,23,21,311,93,S,W,300 - 350 S WACKER DR,300,350,340 S WACKER DR,527511,527,5,312,447169.9532,4636242.873,0,0.238095238,1.095238095,22.3019802,1,MP104,4
313,B527512,6.5,41.8787025,-87.63406269,1.34921875,13,3,0,31,35,101,91,W,S,211 - 223 W QUINCY ST,211,223,217 W QUINCY ST,527512,527,5,313,447388.7097,4636503.182,0,0.457142857,0.885714286,25.49107143,1,MP104,7
314,B527516,6.5,41.88064199,-87.63484827,1.450697674,4,1,0,21,32,119,96,W,N,236 - 256 W MONROE ST,236,256,236 W MONROE ST,527516,527,5,314,447325.1189,4636719,0,0.15625,0.65625,22.62015504,1,MP104,6
315,B527517,6.5,41.88447131,-87.62870058,1.578776529,38,15,4,293,60,2003,1735,W,S,1 - 37 W RANDOLPH ST,1,37,21 W RANDOLPH ST,527517,527,5,315,447838.3244,4637140.404,0,0.883333333,4.883333333,21.43455016,1,MP104,15
316,B527518,6.5,41.88449073,-87.63587476,1.072727273,1,0,0,15,26,34,54,W,N,304 - 340 W RANDOLPH ST,304,340,308 W RANDOLPH ST,527518,527,5,316,447243.1143,4637146.946,0,0.038461538,0.576923077,23.37662338,1,MP104,5
317,B528501,6.5,41.87696253,-87.62652385,1.348837209,4,0,0,19,33,164,94,E,N,44 - 48 E VAN BUREN ST,44,48,46 E VAN BUREN ST,528501,528,5,317,448012.8368,4636305.404,0,0.121212121,0.575757576,20.46511628,1,MP104,3
318,B528502,6.5,41.88026278,-87.63529345,1.317226368,10,3,0,46,37,347,189,S,W,122 - 140 S FRANKLIN ST,122,126,132 S FRANKLIN ST,528502,528,5,318,447287.8694,4636677.171,0,0.351351351,1.243243243,21.3681592,1,MP104,8
319,B528503,6.5,41.8839915,-87.63536305,1.505078125,2,0,0,9,26,62,66,N,E,105 - 131 N FRANKLIN ST,105,131,129 N FRANKLIN ST,528503,528,5,319,447285.1594,4637091.204,0,0.076923077,0.346153846,22.46527778,1,MP104,2
320,B528507,6.5,41.88105005,-87.63672844,1.007956989,6,0,2,23,27,175,135,S,E,1 - 71 S WACKER DR,1,71,49 S WACKER DR,528507,528,5,320,447169.4521,4636765.462,0,0.222222222,0.851851852,22.94354839,1,MP104,6
321,B528508,6.5,41.87723119,-87.63517544,1.256461538,5,2,0,23,32,194,131,S,E,319 - 329 S FRANKLIN ST,319,329,329 S FRANKLIN ST,528508,528,5,321,447295.17,4636340.509,0,0.21875,0.71875,22.45991903,1,MP104,3
322,B528510,6.5,41.87690879,-87.63007333,1.638652482,4,0,0,12,34,121,114,W,N,58 - 58 W VAN BUREN ST,58,58,58 W VAN BUREN ST,528510,528,5,322,447718.266,4636301.594,0,0.117647059,0.352941176,23.13475177,1,MP104,2
323,B541301,2,41.87355391,-87.67544881,1.222002846,5,1,3,44,6,675,262,W,S,1949 - 1977 W OGDEN AVE,1949,1977,1971 W OGDEN AVE,541301,541,3,323,443950.1848,4635957.746,0,1,7.333333333,17.70075748,1,MP104,12
324,B541308,2,41.87328877,-87.67580688,1.260633706,9,5,0,32,5,1473,226,W,N,1938 - 1974 W OGDEN AVE,1938,1974,1966 W OGDEN AVE,541309,541,3,324,443920.2396,4635928.542,0,2.8,6.4,20.24646851,1,MP104,18
325,B545501,6.5,41.8863493,-87.62630848,1.573804268,11,3,3,68,42,515,844,N,W,214 - 220 N WABASH AVE,214,220,218 N WABASH AVE,545501,545,5,325,448038.3134,4637347.461,0,0.333333333,1.619047619,24.13230791,1,MP104,4
326,B545505,6.5,41.88167329,-87.62619595,1.34384276,12,5,0,77,51,934,728,S,W,22 - 28 S WABASH AVE,22,28,24 S WABASH AVE,545505,545,5,326,448043.8612,4636828.228,0,0.333333333,1.509803922,21.34257001,1,MP104,4
327,B545506,6.5,41.87752731,-87.62608232,1.461561119,4,1,0,26,45,384,295,S,W,316 - 322 S WABASH AVE,316,322,320 S WABASH AVE,545506,545,5,327,448049.9313,4636367.843,0,0.111111111,0.577777778,21.04565538,1,MP104,4
328,B545508,6.5,41.87755386,-87.62604453,1.342685624,6,3,1,40,44,565,490,S,E,319 - 335 S WABASH AVE,319,335,327 S WABASH AVE,545508,545,5,328,448053.0885,4636370.768,0,0.204545455,0.909090909,21.8944537,1,MP104,9
329,B545509,6.5,41.87904141,-87.62609549,1.385723872,25,7,5,113,47,1075,912,S,E,207 - 225 S WABASH AVE,207,225,215 S WABASH AVE,545509,545,5,329,448050.0648,4636535.957,0,0.680851064,2.404255319,22.54132443,1,MP104,9
330,B545510,6.5,41.88027544,-87.62611957,1.396502277,28,11,4,231,52,2660,2024,S,E,105 - 137 S WABASH AVE,105,137,119 S WABASH AVE,545510,545,5,330,448049.0663,4636672.983,0,0.75,4.442307692,20.67408864,1,MP104,14
331,B545512,6.5,41.88394267,-87.62621009,1.389098837,12,4,0,70,55,858,518,N,E,113 - 145 N WABASH AVE,113,145,145 N WABASH AVE,545512,545,5,331,448044.5265,4637080.2,0,0.290909091,1.272727273,20.46340629,1,MP104,5
332,B545513,6.5,41.87866664,-87.62612073,1.332725322,9,2,2,48,46,544,388,S,W,226 - 232 S WABASH AVE,226,232,228 S WABASH AVE,545513,545,5,332,448047.667,4636494.363,0,0.239130435,1.043478261,21.11774585,1,MP104,4
333,B545516,6.5,41.88160449,-87.62615395,1.390202429,17,7,5,122,53,1472,998,S,E,25 - 29 S WABASH AVE,25,29,27 S WABASH AVE,545516,545,5,333,448047.2903,4636820.564,0,0.452830189,2.301886792,20.65805887,1,MP104,6
334,B546406,4,41.89571228,-87.64153428,1.179881926,2,0,0,3,4,56,311,N,W,734 - 754 N KINGSBURY ST,734,754,742 N KINGSBURY ST,546406,546,4,334,446782.8714,4638396.341,0,0.5,0.75,28.98274296,1,MP104,7
335,B546407,4,41.89647245,-87.64206067,1.19119912,5,0,0,9,9,63,240,W,S,519 - 535 W CHICAGO AVE,519,535,525 W CHICAGO AVE,546407,546,4,335,446739.8372,4638481.068,0,0.555555556,1,28.15181518,1,MP104,8
336,B548414,4,41.89394382,-87.63788581,1.016213639,0,0,0,2,2,381,318,W,S,347 - 355 W ERIE ST,347,355,353 W ERIE ST,548414,548,4,336,447084.0642,4638197.737,0,0,1,19.09871245,1,MP104,9
337,B605101,2,41.98471103,-87.6697471,1.146554487,1,0,0,2,2,112,96,N,E,5635 - 5647 N ASHLAND AVE,5635,5647,5645 N ASHLAND AVE,605101,605,1,337,444519.7276,4648295.625,0,0.5,1,24.61538462,1,MP104,8
338,B611401,4,41.89016567,-87.63884269,1.678303571,30,9,2,203,49,848,1392,N,W,428 - 468 N KINGSBURY ST,428,468,458 N KINGSBURY ST,611401,611,4,338,447001.5625,4637778.849,0,0.795918367,4.142857143,23.95066274,1,MP104,11
339,B902501,6.5,41.88007456,-87.62076874,1.2361137,13,7,1,72,14,2561,658,S,W,110 - 226 S COLUMBUS DR,110,226,140 S COLUMBUS DR,902501,902,5,339,448492.8806,4636647.454,0,1.428571429,5.142857143,19.13958293,1,MP104,27
340,L127801,2,41.93890264,-87.66622737,2.853095238,5,0,1,21,3,39,101,N,W,3120 - 3120 N GREENVIEW AVE,3120,3120,3120 N GREENVIEW AVE,127801,127,8,340,444771.7503,4643207.295,0,1.666666667,7,25.89473684,1,MP104,53
341,L129801,2,41.94057309,-87.67026141,5.276547619,0,1,0,22,4,45,95,W,S,1635 - 1635 W MELROSE ST,1635,1635,1635 W MELROSE ST,129801,129,8,341,444438.789,4643395.369,0,0.25,5.5,23.86363636,1,MP104,47
342,L148801,2,41.96369594,-87.68530995,1.159929226,0,3,0,41,3,513,1889,N,E,4519 - 4519 N LINCOLN AVE,4519,4519,4519 N LINCOLN AVE,148802,148,8,342,443211.8654,4645972.535,0,1,13.66666667,26.04110396,1,MP104,72
343,L170801,2,41.96714717,-87.6887653,1.209530262,2,1,0,21,1,582,894,N,E,4715 - 4715 N WESTERN AVE,4715,4715,4715 N WESTERN AVE,170801,170,8,343,442928.6171,4646358.017,0,3,21,23.29674797,1,MP104,47
344,L171801,2,41.9667179,-87.68776886,1.258672885,3,1,0,18,2,801,1236,W,S,2301 - 2301 W LELAND AVE,2301,2301,2301 W LELAND AVE,171802,171,8,344,443010.8003,4646309.693,0,2,9,24.10162003,1,MP104,38
345,L186801,2,41.96861296,-87.68732429,1.241568956,4,0,0,6,1,172,425,W,S,2315 - 2315 W LAWRENCE AVE,2315,2315,2315 W LAWRENCE AVE,186801,186,8,345,443049.326,4646519.804,0,4,6,28.84757119,1,MP104,38
346,B545517,6.5,41.8868166,-87.62740843,1.587589142,4,2,0,47,37,749,700,E,S,9 - 35 E Wacker-UL Dr,9,35,29 E WACKER-UL DR,545517,545,5,346,447947.435,4637400.011,0,0.162162162,1.27027027,21.17473783,1,MP104,6
347,B241413,4,41.89317663,-87.63491392,1.079775158,16,4,2,133,40,885,642,W,S,203 - 239 W ONTARIO ST,203,239,217 W ONTARIO ST,241413,241,4,347,447329.9687,4638110.729,0,0.5,3.325,20.23405473,1,MP104,11
348,B527520,6.5,41.88450067,-87.63333702,1.453728661,18,3,3,57,41,303,439,W,N,160 - 198 W RANDOLPH ST,160,198,180 W RANDOLPH ST,527520,527,5,348,447453.6731,4637146.493,0,0.512195122,1.390243902,25.19581417,1,MP104,8
349,B527521,6.5,41.88449327,-87.63192411,1.523109568,1,2,1,36,52,249,183,W,N,102 - 150 W RANDOLPH ST,102,150,130 W RANDOLPH ST,527521,527,5,349,447570.8931,4637144.807,0,0.057692308,0.692307692,19.66475096,1,MP104,5
350,B527522,6.5,41.88457586,-87.630152,1.385507803,12,9,2,110,58,550,753,W,N,50 - 90 W RANDOLPH ST,50,90,56 W RANDOLPH ST,527522,527,5,350,447717.9885,4637152.896,0,0.362068966,1.896551724,23.26258929,1,MP104,12
351,B527523,6.5,41.88447022,-87.63306728,1.704471545,4,0,1,14,41,139,148,W,S,157 - 169 W RANDOLPH ST,157,169,163 W RANDOLPH ST,527523,527,5,351,447476.0279,4637142.947,0,0.097560976,0.341463415,24.18815331,1,MP104,3
352,B545518,6.5,41.88451496,-87.62689497,1.315433368,2,2,4,56,56,567,406,E,N,8 - 32 E RANDOLPH ST,8,32,28 E RANDOLPH ST,545518,545,5,352,447988.1673,4637144.155,0,0.071428571,1,19.40483976,1,MP104,3
353,B545519,6.5,41.88451619,-87.62545146,1.34392507,22,8,4,134,52,1076,828,E,N,50 - 98 E RANDOLPH ST,50,98,68 E RANDOLPH ST,545519,545,5,353,448107.933,4637143.418,0,0.576923077,2.576923077,21.49975693,1,MP104,10
354,B517513,6.5,41.88621646,-87.63020365,1.367083333,6,0,2,13,29,87,73,N,E,203 - 217 N GARVEY CT,203,217,211 N GARVEY CT,517513,517,5,354,447715.0409,4637335.079,0,0.206896552,0.448275862,26.375,1,MP104,2
355,B517514,6.5,41.88633765,-87.63023347,1.343526171,4,0,2,14,28,59,62,N,W,206 - 220 N GARVEY CT,206,220,216 N GARVEY CT,517514,517,5,355,447712.6656,4637348.552,0,0.142857143,0.5,23.79413974,1,MP104,4
356,B374417,4,41.89814608,-87.63643205,1.184747475,7,0,0,14,14,135,195,W,S,305 - 329 W CHESTNUT ST,305,329,313 W CHESTNUT ST,374417,374,4,356,447208.1226,4638663.408,0,0.5,1,26.22377622,1,MP104,5
357,B374418,4,41.89817474,-87.63644747,1.182522021,8,0,0,13,12,311,408,W,N,304 - 328 W CHESTNUT ST,304,328,312 W CHESTNUT ST,374418,374,4,357,447206.8671,4638666.6,0,0.666666667,1.083333333,27.11636532,1,MP104,10
358,B374422,4,41.8997075,-87.63660304,0.952303523,6,1,0,12,16,35,88,W,S,311 - 329 W WALTON ST,311,329,319 W WALTON ST,374422,374,4,358,447195.2254,4638836.874,0,0.4375,0.75,28.29268293,1,MP104,5
359,B517512,6.5,41.88575008,-87.63024755,1.266712644,12,5,1,46,41,391,334,W,N,106 - 136 W LAKE ST,106,136,120 W LAKE ST,517512,517,5,359,447711.0184,4637283.324,0,0.414634146,1.12195122,24.16961789,1,MP104,10
360,B529413,4,41.86974137,-87.63962388,0.84938918,0,0,0,5,3,124,67,W,S,409 - 447 W TAYLOR ST,409,447,429 W TAYLOR ST,529413,529,4,360,446919.8542,4635511.677,0,0,1.666666667,17.01570681,1,MP104,11
361,B248423,4,41.9035904,-87.6299572,1.08046398,6,1,0,52,72,358,461,N,E,1157 - 1163 N DEARBORN ST,1157,1163,1159 N DEARBORN ST,248423,248,4,361,447749.6509,4639263.914,0,0.097222222,0.722222222,22.50654108,1,MP104,2
362,B336515,6.5,41.88693021,-87.62057684,1.902564103,9,2,8,48,47,250,348,E,S,203 - 231 E SOUTHWATER - UL ST,203,231,213 E SOUTHWATER - UL ST,336515,336,5,362,448514.3074,4637408.504,0,0.234042553,1.021276596,24.51295987,1,MP104,4
363,B228410,4,41.89171937,-87.62268841,1.014796342,5,1,0,43,49,249,152,N,W,502 - 518 N SAINT CLAIR ST,502,518,510 N SAINT CLAIR ST,228410,228,4,363,448342.9805,4637941.501,0,0.12244898,0.87755102,19.909601,1,MP104,3
364,B517515,6.5,41.8864325,-87.63258429,1.36240458,1,1,0,18,26,229,295,N,W,202 - 216 N LASALLE ST,202,216,210 N LASALLE ST,517515,517,5,364,447517.7066,4637360.518,0,0.076923077,0.692307692,22.50817884,1,MP104,5
365,B517518,6.5,41.88575711,-87.6292871,1.581429638,3,0,0,12,27,455,438,W,N,4 - 40 W LAKE ST,4,40,10 W LAKE ST,517518,517,5,365,447790.7089,4637283.52,0,0.111111111,0.444444444,23.20642031,1,MP104,4
366,B374424,4,41.90049707,-87.63750058,0.743589744,3,0,0,3,6,24,15,W,N,346 - 354 W OAK ST,346,354,350 W OAK ST,374424,374,4,366,447121.4275,4638925.091,0,0.5,0.5,30,1,MP104,3
367,B222421,4,41.89859274,-87.62826439,1.029896907,1,1,0,13,64,38,59,N,W,844 - 858 N STATE ST,844,858,850 N STATE ST,222421,222,4,367,447885.9941,4638708.006,0,0.03125,0.203125,23.58950328,1,MP104,2
368,B804905,14,41.87892289,-87.63524283,0.769444444,0,0,0,2,5,8,4,U,E,227 - 239 S FRANKLIN ST,227,239,231 S FRANKLIN ST,804905,804,9,368,447290.9684,4636528.376,0,0,0.4,22,1,MP104,2
369,B804907,14,41.87743906,-87.62872204,0.745833333,2,0,0,2,4,3,1,U,E,325 - 331 S PLYMOUTH CT,325,331,327 S PLYMOUTH CT,804907,804,9,369,447830.824,4636359.646,0,0.5,0.5,30,1,MP104,2
